pool,poolSym,liquidity,tick0,tickSpacing,token0,token1,fee
0X5b47f84e3e555cfea785a2d5eb0bcb7a9f110367,NA,NA,NA,0003c,0xa0b86991c6218b36c1d19d4a2e9eb0ce3606eb48,0xdf287f2eb447ed2af6f762f6403682abbec16856,3000
0X390a4d096ba2cc450e73b3113f562be949127ceb,NA,NA,NA,0003c,0xa6422e3e219ee6d4c1b18895275fe43556fd50ed,0xdac17f958d2ee523a2206206994597c13d831ec7,3000
0Xb98bc31bd61770b24f36e21160020489d773f9b8,NA,NA,NA,0003c,0xb97fca5a2967ed91f36c1cbb60dbfe4c53c1df44,0xdac17f958d2ee523a2206206994597c13d831ec7,3000
0X8efb39855aedbcab24081467b92a41ef85d6614f,NA,NA,NA,000c8,0x07adc37c53cc791c502fff9314660999eedd3c20,0xc02aaa39b223fe8d0a0e5c4f27ead9083c756cc2,10000
0Xdb7626894772ee111b89dc301b1bad342fd215d5,NA,NA,NA,0003c,0x488db574c77dd27a07f9c97bac673bc8e9fc6bf3,0x5ee84583f67d5ecea5420dbb42b462896e7f8d06,3000
0Xae024bda4cd071b2330eae3c4329477093bf621f,NA,NA,NA,0003c,0x34f0915a5f15a66eba86f6a58be1a471fb7836a7,0x488db574c77dd27a07f9c97bac673bc8e9fc6bf3,3000
0Xe8156d7d1af43873c776ddf5df55fdf3297da9e8,NA,NA,NA,0003c,0x347a96a5bd06d2e15199b032f46fb724d6c73047,0x488db574c77dd27a07f9c97bac673bc8e9fc6bf3,3000
0X7668b2ea8490955f68f5c33e77fe150066c94fb9,NA,NA,NA,0003c,0x2b591e99afe9f32eaa6214f7b7629768c40eeb39,0x488db574c77dd27a07f9c97bac673bc8e9fc6bf3,3000
0Xae6afad2361697cd22c06964d69c3152c72815d0,NA,NA,NA,0003c,0xc02aaa39b223fe8d0a0e5c4f27ead9083c756cc2,0xf915110898d9a455ad2da51bf49520b41655ccea,3000
0X10431a7ecf672abdc95fd9205e926f5d1d11c573,NA,NA,NA,000c8,0x3415cf1a6459b62a34656e53e4048233775ac0ac,0xc02aaa39b223fe8d0a0e5c4f27ead9083c756cc2,10000
0X633f72c19d30064de2e6e74501ae3b16e4ca1964,NA,NA,NA,00001,0x9d0b0008dec5ad1300a8ae14b27946f8bdfa5ccb,0xc02aaa39b223fe8d0a0e5c4f27ead9083c756cc2,100
0Xe51e1b71bbdd0b3bb94d39b1c9a420420211520f,NA,NA,NA,0003c,0x9acbd8315d81253f1ba7c0d24cdbd4e01be44a9b,0xc02aaa39b223fe8d0a0e5c4f27ead9083c756cc2,3000
0X1bf09b112b68562cd5f3b72b91a551d01b967ac2,NA,NA,NA,0003c,0x6121ef6926dba4f38d491f3544c2d0246cc386f4,0xc02aaa39b223fe8d0a0e5c4f27ead9083c756cc2,3000
0X695d4cccb9ccf5e734ef9c41cea65522948471b3,NA,NA,NA,000c8,0x6493354eb3f3e3e39ade2b93bf694f5fa5613ec6,0xc02aaa39b223fe8d0a0e5c4f27ead9083c756cc2,10000
0X4633afa7c69379ba09912a42b7e59388af596081,NA,NA,NA,0003c,0xb5d730d442e1d5b119fb4e5c843c48a64202ef92,0xc02aaa39b223fe8d0a0e5c4f27ead9083c756cc2,3000
0X1063a4259930513e5cdfc69843b1f9a87ea3e3aa,NA,NA,NA,000c8,0xb513373666a36f408542e45fb74492b2022e6d29,0xc02aaa39b223fe8d0a0e5c4f27ead9083c756cc2,10000
0Xbfa6c8a6bcabb10574068037142ae7e8a7fa6228,NA,NA,NA,000c8,0x6f448d8687dd8004fd73da5a938fff57339ba8be,0xc02aaa39b223fe8d0a0e5c4f27ead9083c756cc2,10000
0X49c5adffa7c31cf1e78383ac803b72b4ef87d9e7,NA,NA,NA,0000a,0x30dd9f31a114953254880a8d8e05e215079fae65,0xc02aaa39b223fe8d0a0e5c4f27ead9083c756cc2,500
0Xc5c3bf0cf615c0eff6a074ac6806fdebe30967c6,NA,NA,NA,000c8,0x1eb2e705653fc9c076bf0428851c54c38e40462f,0xc02aaa39b223fe8d0a0e5c4f27ead9083c756cc2,10000
0X5325d7a1bf3e8da014180a945c0113d8b254ec50,NA,NA,NA,0003c,0xb328bb1a4c441c8da2e8d136902b12b6fd873425,0xc02aaa39b223fe8d0a0e5c4f27ead9083c756cc2,3000
0X98ccf53221430a6f47acc47e57fccd37bb792be0,NA,NA,NA,0003c,0xc02aaa39b223fe8d0a0e5c4f27ead9083c756cc2,0xe1100136fdbb98da916aeede2e3bf7a9e84e100e,3000
0X1fffc8b2519f86e0dae7216867fd8f1ace172f61,NA,NA,NA,0003c,0x96f394f2e847702d8ef2904869d26c26f16f76d6,0xc02aaa39b223fe8d0a0e5c4f27ead9083c756cc2,3000
0X57cc86f9e9630c1fec7f688e699fa9de64bdb42c,NA,NA,NA,0003c,0xc02aaa39b223fe8d0a0e5c4f27ead9083c756cc2,0xd9591e4eecf30c63253849483f916e0a1d672dc5,3000
0X9dc852b7d7138519ae3172954b7ac4fc2816c8fd,NA,NA,NA,0003c,0x0f75122f941d7041e4e2282d6196bafda430b3b0,0xc02aaa39b223fe8d0a0e5c4f27ead9083c756cc2,3000
0Xaa4c9d6e5e349f319abb625aa8dca5f52abea757,NA,NA,NA,0000a,0x6c3ea9036406852006290770bedfcaba0e23a0e8,0xa0b86991c6218b36c1d19d4a2e9eb0ce3606eb48,500
0X13394005c1012e708fce1eb974f1130fdc73a5ce,NA,NA,NA,00001,0x6c3ea9036406852006290770bedfcaba0e23a0e8,0xa0b86991c6218b36c1d19d4a2e9eb0ce3606eb48,100
0X4532ac4f53871697cbfae2d86517823c1e68b016,NA,NA,NA,0003c,0xc02aaa39b223fe8d0a0e5c4f27ead9083c756cc2,0xd73f0826f4115e4572dba46b3311ee13029f5d22,3000
0Xade19e0bebc9e4692a303ab2e9f6a9722594a6af,NA,NA,NA,0003c,0x2c72eecd4a713c222be143bb071fcd1a338e3e67,0xc02aaa39b223fe8d0a0e5c4f27ead9083c756cc2,3000
0X9e70e1662bf3658a2959d8e278e599eada1f1cbc,NA,NA,NA,0003c,0xaf3c36a960c43e9ea201d206adc2190fd24a6fcf,0xc02aaa39b223fe8d0a0e5c4f27ead9083c756cc2,3000
0Xef627919b0f8fb5e68677e91e7ca797c6e0d8d98,NA,NA,NA,0003c,0x31404960edca60b17fc2619a3782210ed4a5bac9,0xc02aaa39b223fe8d0a0e5c4f27ead9083c756cc2,3000
0X46afa7ce6870a73ef3acb401bdfca92a8228d977,NA,NA,NA,0003c,0xbc9683ee9525c4525e7e0dcffe8eed1447fd4287,0xc02aaa39b223fe8d0a0e5c4f27ead9083c756cc2,3000
0X9d3007eb5ca76b6533f646cfa9158deb2c8ed9e6,NA,NA,NA,0003c,0xc02aaa39b223fe8d0a0e5c4f27ead9083c756cc2,0xc068d84e2e6806304a80d6d4a9ea19b8e69493c0,3000
0X9966b296d843d72a169ed819c40cc19a2bc33565,NA,NA,NA,0003c,0xc02aaa39b223fe8d0a0e5c4f27ead9083c756cc2,0xe62adcbae40bae7f613cb6d9630e8a60c6ca15c4,3000
0X37ae74504abab5f7ecaf61a5558451840dcd009a,NA,NA,NA,0003c,0xa79198bedfe90285b819d0020c09430db74e1df5,0xc02aaa39b223fe8d0a0e5c4f27ead9083c756cc2,3000
0X73bc2a2d767b431c189d3e90b25ffa36a7cfaa23,NA,NA,NA,0003c,0x8ea24723c0f3e7b7d1f31f24cb9eeb3e01f8dc8a,0xc02aaa39b223fe8d0a0e5c4f27ead9083c756cc2,3000
0X506ef69a32a08527cda629944c50e7f9563df493,NA,NA,NA,0003c,0x47645ab8370b77bc950bcb914fec0424c97a0f6e,0xc02aaa39b223fe8d0a0e5c4f27ead9083c756cc2,3000
0Xfc46b56b5922955859115337a06e5d3b086a2a05,NA,NA,NA,0003c,0xc02aaa39b223fe8d0a0e5c4f27ead9083c756cc2,0xf17e0fc7d58088c0dc2eb548c9401271dacb3e6f,3000
0X2ee5bd61bb5bebf94b653eaf28daf564dad4560e,NA,NA,NA,0003c,0x070cfae02ae9c2ffcb0cd5edc5f06478d5077cb3,0xc02aaa39b223fe8d0a0e5c4f27ead9083c756cc2,3000
0X15c6941fcf8f368c15cbebfec3b04ad2fcdfbcc3,NA,NA,NA,0003c,0x2a20a258eb8732c41799a1cf65d9e353d62c661f,0xc02aaa39b223fe8d0a0e5c4f27ead9083c756cc2,3000
0Xfb307df07f6a74a151328214857cb6e451fc790f,NA,NA,NA,0003c,0x04c54cc7d44c93f5be2b1f549611ba60a8252251,0xc02aaa39b223fe8d0a0e5c4f27ead9083c756cc2,3000
0X6f4c5b6db53d090c368ac49eecc276632ff7255d,NA,NA,NA,0003c,0xc02aaa39b223fe8d0a0e5c4f27ead9083c756cc2,0xce65b59a3dea8bed78837a72983bda835d9a0229,3000
0X02f604a04e86f7a2a403b3240e19d9b32c56ef08,NA,NA,NA,0003c,0xa9f8f91e2145a22cd3f9e18a6662a7174defbbe2,0xc02aaa39b223fe8d0a0e5c4f27ead9083c756cc2,3000
0X3c490d4e4521510e6b76fee89eb362fc6c5f053c,NA,NA,NA,0003c,0x59715ba2f05d6e9ba5ecb10a1212e7258b0c3e40,0xc02aaa39b223fe8d0a0e5c4f27ead9083c756cc2,3000
0X41e10a3b9714c0e0b1dcc524e277bd2fd42dd274,NA,NA,NA,0003c,0xc02aaa39b223fe8d0a0e5c4f27ead9083c756cc2,0xcc64fc3ac4af7e5d8c3162c0e75247a0bbee6077,3000
0X1f9fa799b0fd2f8ef5f14881e0f4c1dd38b87dc6,NA,NA,NA,0003c,0x16fbd31886479c6bccd0870efa77846daa8fa36c,0xc02aaa39b223fe8d0a0e5c4f27ead9083c756cc2,3000
0Xb17f02208abff9255de80c657bf3d00910374857,NA,NA,NA,0000a,0xc02aaa39b223fe8d0a0e5c4f27ead9083c756cc2,0xcc64fc3ac4af7e5d8c3162c0e75247a0bbee6077,500
0Xdbd4a16e4cde700720cf5c599056e1d192d880f8,NA,NA,NA,0003c,0xc02aaa39b223fe8d0a0e5c4f27ead9083c756cc2,0xe587469f644571e1812479fb6acdf07cf99f7b7a,3000
0Xbadae641d72b84fcffe36f0172b40bb5221c7a3c,NA,NA,NA,0003c,0xc02aaa39b223fe8d0a0e5c4f27ead9083c756cc2,0xe453b4ab221b42dcee81030656c5b987e9798888,3000
0Xd524b87296f3ee6d7e0207ee457cbc3d9a775479,NA,NA,NA,0003c,0x7fbdacc099bba77d90ea9f87e595e18897dac4c5,0xc02aaa39b223fe8d0a0e5c4f27ead9083c756cc2,3000
0X714e22256eac1d6fcf020ed3f435874591dd6e24,NA,NA,NA,0003c,0xbcee578e9b5a0f4d19e8d35e628faae293bbce80,0xc02aaa39b223fe8d0a0e5c4f27ead9083c756cc2,3000
0Xbeb395a8b40b9756ca41a9c79356f3d71f12d5a3,NA,NA,NA,0003c,0xc02aaa39b223fe8d0a0e5c4f27ead9083c756cc2,0xe65a0d75bce722507588dd6ca256a10fc935c26f,3000
0X121abd68b06d73fec90c89dfe55b9694ac8a3e80,NA,NA,NA,0003c,0xc02aaa39b223fe8d0a0e5c4f27ead9083c756cc2,0xedf7fad88aeaa63b35dda8dda965ef1c28319a32,3000
0Xecf2e6a036f226b39e77ab1d2ecec3cd38ddb960,NA,NA,NA,0003c,0xc02aaa39b223fe8d0a0e5c4f27ead9083c756cc2,0xd6637f75e1dd724c38d8a95299aac34a9800df61,3000
0Xb97949cb28fbfce32b63e4b39bb8944c1ba79583,NA,NA,NA,0003c,0x31cf39ed2205b7fc310f00d72102ca0b4a9ae16c,0xc02aaa39b223fe8d0a0e5c4f27ead9083c756cc2,3000
0X348daf0546c763f15ca5f83ca1ea909c85a44eee,NA,NA,NA,0000a,0xc02aaa39b223fe8d0a0e5c4f27ead9083c756cc2,0xedf7fad88aeaa63b35dda8dda965ef1c28319a32,500
0Xb6f69846d301c1e6090a1d6cc28cb0b4c764c0ab,NA,NA,NA,0000a,0xc02aaa39b223fe8d0a0e5c4f27ead9083c756cc2,0xfac14acc884840130876e9e047a2c5c7f9be0018,500
0Xe60c06621c7617085a56ab401984f232d19196bf,NA,NA,NA,0003c,0xbb212632162085e470148a1f731b1ef03e4b14aa,0xc02aaa39b223fe8d0a0e5c4f27ead9083c756cc2,3000
0X6845873089fdb0a2c75e0a2b3e329d2567cd7926,NA,NA,NA,0000a,0xc02aaa39b223fe8d0a0e5c4f27ead9083c756cc2,0xd5f047a72fc970cfcf79100f8576cc071fc87bb4,500
0X164063f1480ededbb7ae2df146f39290a05cde38,NA,NA,NA,0000a,0xc02aaa39b223fe8d0a0e5c4f27ead9083c756cc2,0xf3c8f057350b64a673080adb64aa608622dff992,500
0X9dcc58ca7194a1e903402e37dfd892c0adc19447,NA,NA,NA,0000a,0x078363e448f31c644e1e27c08e9aa2456fa7ba8b,0xc02aaa39b223fe8d0a0e5c4f27ead9083c756cc2,500
0X9fdd32d21d740414697fa18a70a602a31cff21cb,NA,NA,NA,000c8,0xc02aaa39b223fe8d0a0e5c4f27ead9083c756cc2,0xe9c4d8eb2afd532adb489110a15e3cf9f34fc60e,10000
0X535d3a8778eb78af1906cc37a5baf38469d4f0de,NA,NA,NA,0000a,0x243bbe4f163fbd1e0b50b061f4106a8eaee172e9,0xc02aaa39b223fe8d0a0e5c4f27ead9083c756cc2,500
0X84c30bb95d435941cbda27b21353524df74ba8af,NA,NA,NA,0003c,0xb9f02b7e01e02f6f1188a507705dcbbfc4e845da,0xc02aaa39b223fe8d0a0e5c4f27ead9083c756cc2,3000
0X72b2f5b231006ad46e36f33d5abd8d42d188bb8c,NA,NA,NA,0003c,0x9a9c3395988f80bb3d63d4901d22690438016f00,0xc02aaa39b223fe8d0a0e5c4f27ead9083c756cc2,3000
0X195df9bcfe1433430f5f17b4f6cf5f7ed9468537,NA,NA,NA,0000a,0x3e4f8e22881b3a0786f6c8bddff66f7774275279,0xc02aaa39b223fe8d0a0e5c4f27ead9083c756cc2,500
0X48ca8581f5cb4d6bf6e921933a0d1ee832386618,NA,NA,NA,0000a,0x46805b70b35300da7fcf21ab009feff747b4eb79,0xc02aaa39b223fe8d0a0e5c4f27ead9083c756cc2,500
0Xd48f0616c831faeaf8a801496e62e83bc2fc57f7,NA,NA,NA,0003c,0x87f6fc76298534d04d4d6e69fd69c2f7fe523b0d,0xc02aaa39b223fe8d0a0e5c4f27ead9083c756cc2,3000
0X2c395a04b0642d2b7690117d86f06541932728a3,NA,NA,NA,0003c,0xc02aaa39b223fe8d0a0e5c4f27ead9083c756cc2,0xebdf7f7dfac29949b493d4d1c9f60648f29428a6,3000
0Xbe07759a1e9dbfdc9212e63967e86f63bf8361c5,NA,NA,NA,0003c,0x481aeac57ed8b16c528b60f490366730adf8a491,0xc02aaa39b223fe8d0a0e5c4f27ead9083c756cc2,3000
0X53092bfd1f91a881201ce5d1f575ee3194adb6f4,NA,NA,NA,0003c,0x1fefd6e697b6920544d3ffdfccb0084ce4eb7e44,0xc02aaa39b223fe8d0a0e5c4f27ead9083c756cc2,3000
0Xfba26c3f9c8ecef989def3c5c8ad037487462d83,NA,NA,NA,0003c,0xb1f1ee126e9c96231cc3d3fad7c08b4cf873b1f1,0xc02aaa39b223fe8d0a0e5c4f27ead9083c756cc2,3000
0Xb44cb18baf987725b668a64202ac256a61e3b89a,NA,NA,NA,0003c,0xae7ab96520de3a18e5e111b5eaab095312d7fe84,0xbaac2b4491727d78d2b78815144570b9f2fe8899,3000
0X2674146a49a3685dea585c710c2e4cdb2db94e3f,NA,NA,NA,0003c,0x6efa8111f994b476d3656f85ee9cc5ffa0e9b8d2,0xc02aaa39b223fe8d0a0e5c4f27ead9083c756cc2,3000
0X1089492c0e70fa48998c8c60ae895fbe9a50ddb3,NA,NA,NA,0003c,0xc02aaa39b223fe8d0a0e5c4f27ead9083c756cc2,0xe1dc698570bef4f9972d2d1d5e1b749989de341a,3000
0Xb8e57ad82fef393d2e3415f9e5b7916599850bc8,NA,NA,NA,0003c,0xc02aaa39b223fe8d0a0e5c4f27ead9083c756cc2,0xc1750d4ef91486005a140f609a9e06cda680f13d,3000
0Xb208e29a0c726201696be0296c422b665043399b,NA,NA,NA,0003c,0xb496d189039127b9d4882881dca4dbb2eb5426a0,0xc02aaa39b223fe8d0a0e5c4f27ead9083c756cc2,3000
0Xa6656d691a80b01126d23ef9268212b74abcfaf5,NA,NA,NA,0003c,0x96ac8b252e1a9b75418964849f1985aef3798db0,0xc02aaa39b223fe8d0a0e5c4f27ead9083c756cc2,3000
0Xbcfd88dcde22a98fd15a87545fde4f7a419092c6,NA,NA,NA,0003c,0xafd87df001ba1c9d051656eaae487ce8ae0dea37,0xc02aaa39b223fe8d0a0e5c4f27ead9083c756cc2,3000
0X7ed5e55dc172beae2bf23a10e7becc980dbd4e4f,NA,NA,NA,0003c,0x6eefd0dd13d8e92ba942ff55b14e2d511dd5ff77,0xc02aaa39b223fe8d0a0e5c4f27ead9083c756cc2,3000
0X0ed56b8bb7b7592fbc476ab2c27d96ae9145f4fc,NA,NA,NA,000c8,0xa0b86991c6218b36c1d19d4a2e9eb0ce3606eb48,0xcdb4a8742ed7d0259b51e3454c46c9d6c48d5e88,10000
0Xa28c4c450aa9b4f7f52f4ed8072d72e8d38fcb3c,NA,NA,NA,000c8,0xc02aaa39b223fe8d0a0e5c4f27ead9083c756cc2,0xcdb4a8742ed7d0259b51e3454c46c9d6c48d5e88,10000
0X38eac00c7170aee9e8d0feed6877593792dcbb58,NA,NA,NA,000c8,0xc02aaa39b223fe8d0a0e5c4f27ead9083c756cc2,0xd555498a524612c67f286df0e0a9a64a73a7cdc7,10000
0Xebb81820eca388b83ed7187717c6b4c137f697fe,NA,NA,NA,0003c,0x5bd0293f29d40d982f33f41effc0e23d6c7d20e8,0xc02aaa39b223fe8d0a0e5c4f27ead9083c756cc2,3000
0X9ffdbede2ce676cd215aaaea26262a5e683451cd,NA,NA,NA,0003c,0x10f2e2d39085acd1d815d8a8ea0e3f9bfeb7173e,0xc02aaa39b223fe8d0a0e5c4f27ead9083c756cc2,3000
0X7eeb65b2978d8f1d27d66324939480dafe9ffb09,NA,NA,NA,000c8,0xc02aaa39b223fe8d0a0e5c4f27ead9083c756cc2,0xcd1bc5339ffeba535259e3d7dfb7dde49aca5d22,10000
0X8fdf09a4fe7ee9fd0dd1864fea334723bf645a82,NA,NA,NA,000c8,0x80c6fa7a67b5e8a4b365315207c89d588152144c,0xc02aaa39b223fe8d0a0e5c4f27ead9083c756cc2,10000
0X932573fac2ddef5e175139dbbcd1e7176efc902a,NA,NA,NA,000c8,0x05596878026e4f5289b7d83958304c0d17fc043f,0xc02aaa39b223fe8d0a0e5c4f27ead9083c756cc2,10000
0X7d6580bf14fda02059ef44fe22907928289d19e4,NA,NA,NA,000c8,0xc02aaa39b223fe8d0a0e5c4f27ead9083c756cc2,0xd96bb2e793f338765b723c88b4df011902d3fb98,10000
0Xef5ff1c6cf479d193b79a8a8492d856e231e67d6,NA,NA,NA,000c8,0x0e236c3932887cdc57c887dd97dec82236d1b400,0xc02aaa39b223fe8d0a0e5c4f27ead9083c756cc2,10000
0Xc5d8b973a9107706de1c5868b31687ea3a67b527,NA,NA,NA,000c8,0x98478961fac1c2bd925759c7a5e0333ca6814a84,0xc02aaa39b223fe8d0a0e5c4f27ead9083c756cc2,10000
0X6ad9afd7ec0ff6f3fa4863e1d99059eaa0d2bd0c,NA,NA,NA,000c8,0x4e34ffb1e0d20307a0f5a750f9c9990ce3403073,0xc02aaa39b223fe8d0a0e5c4f27ead9083c756cc2,10000
0X7c6776bac3ea54878a2ddc3fd1c26ef87c8f255f,NA,NA,NA,000c8,0x6c061d18d2b5bbfbe8a8d1eeb9ee27efd544cc5d,0xc02aaa39b223fe8d0a0e5c4f27ead9083c756cc2,10000
0Xf52180b39551178c5a7d846472693911374d4b74,NA,NA,NA,000c8,0x0fc3ad8a057076c4a2e4764aeffc07956b4d6fe7,0xc02aaa39b223fe8d0a0e5c4f27ead9083c756cc2,10000
0Xce077fd0ec74ea59751fb9c112f3126b54dd83b9,NA,NA,NA,000c8,0x55e0450adaf1d770d6fcc5ea4997b6651fd61d25,0xc02aaa39b223fe8d0a0e5c4f27ead9083c756cc2,10000
0X50655331cd3c3af0ade8a9b978956e27d3d1c375,NA,NA,NA,000c8,0x246f72e6e9ee6eca8d1ceeff635ad5478123c557,0xc02aaa39b223fe8d0a0e5c4f27ead9083c756cc2,10000
0X1a280f1593832394c064162ca223777519cee8d2,NA,NA,NA,000c8,0xa10ea926ebffd95e06f958c42570ff79ac2fb70c,0xc02aaa39b223fe8d0a0e5c4f27ead9083c756cc2,10000
0X01be88089ca25285a9bf68ee3702d7ee8c15df0b,NA,NA,NA,000c8,0x0cbed74834ad24bb3bb4654398a0697a2bbea02c,0xc02aaa39b223fe8d0a0e5c4f27ead9083c756cc2,10000
0Xb70ae648f4433b54a985994f36c8c9845810b41b,NA,NA,NA,0003c,0xc02aaa39b223fe8d0a0e5c4f27ead9083c756cc2,0xe656ce7c4bd33d7740b815a7ed8ebe28591d51f3,3000
0X4438167f38a9c27231004922414ba66f1c8bb3c3,NA,NA,NA,0003c,0xc02aaa39b223fe8d0a0e5c4f27ead9083c756cc2,0xc7f3fff8c350122e962345af346490ac77b68d59,3000
0X339643c445e807756b3d4dd5cd29859ab0d35b6f,NA,NA,NA,000c8,0x0883acead44d329a745af44e561e23d748f0b6c6,0xc02aaa39b223fe8d0a0e5c4f27ead9083c756cc2,10000
0Xd80029128c09f492444166a332844353b3fc184c,NA,NA,NA,0003c,0x3add0c6b51e1526f3b4ffbb5de4efe1dc3990439,0xc02aaa39b223fe8d0a0e5c4f27ead9083c756cc2,3000
0X92a6f36afc813ad8f59191358c690cd7740c3f57,NA,NA,NA,000c8,0xb34099d74f8bb3df426e6377835959839b89fd59,0xc02aaa39b223fe8d0a0e5c4f27ead9083c756cc2,10000
0X7568883c114d991b4a965de9a91733621bc1481c,NA,NA,NA,000c8,0xc02aaa39b223fe8d0a0e5c4f27ead9083c756cc2,0xeb3c784efbf242bb5c55d2ae7445c339b8fc1fa5,10000
0X9d3d663ed1a78b1a7a4ce59a774d317dbf219f2d,NA,NA,NA,000c8,0xa247cc263f7ad29b8873be22683539c0182291a8,0xc02aaa39b223fe8d0a0e5c4f27ead9083c756cc2,10000
0X435a44fe4d649968ca9dca5ee0a37b75b34cf69b,NA,NA,NA,000c8,0xc02aaa39b223fe8d0a0e5c4f27ead9083c756cc2,0xc3e34fe8464f1d54a08a862c8a977343807148ac,10000
0X1d05822d9f5b4cf8b85cefcf22eecceb674dc5a5,NA,NA,NA,000c8,0xc02aaa39b223fe8d0a0e5c4f27ead9083c756cc2,0xe00631a3257e75a22e8819e1d8a4d69b61f858e4,10000
0Xaf4a35e5f3e12ad989ccca50db532684f1e042a8,NA,NA,NA,000c8,0x5235097287138e238cfc3c2507eae31f596786a8,0xc02aaa39b223fe8d0a0e5c4f27ead9083c756cc2,10000
0X46a4d4a53ffe29db5f263ab6e0d6e45537b0412f,NA,NA,NA,000c8,0x4046eac59ceeadc1e069bc513b3fc5554711aaa7,0xc02aaa39b223fe8d0a0e5c4f27ead9083c756cc2,10000
0Xe6086771cace1a75bc5a16663ee074a300ec93b7,NA,NA,NA,000c8,0x46838b6328624ce3eda78e81984e7e977b39643f,0xc02aaa39b223fe8d0a0e5c4f27ead9083c756cc2,10000
0X0b1559e3cd05dad5b42fda3ccba44ec7d463cb5e,NA,NA,NA,000c8,0xc02aaa39b223fe8d0a0e5c4f27ead9083c756cc2,0xdddcadbc2b004b15a041cab3234695546971533e,10000
0X6500b9239773e0516ab1ffa123ff9aaea9a318e3,NA,NA,NA,000c8,0x4e77bafc89772b0675d865c495e4f29585a94455,0xc02aaa39b223fe8d0a0e5c4f27ead9083c756cc2,10000
0X6fc4073c37a2f6742dc416ba1125f3a0d6540661,NA,NA,NA,000c8,0x958738e040cd81f70aa9fdedbc3a274f2859a4e0,0xc02aaa39b223fe8d0a0e5c4f27ead9083c756cc2,10000
0Xfd1d67023d0fed6750092a6ac01d273a2718e49d,NA,NA,NA,000c8,0xc02aaa39b223fe8d0a0e5c4f27ead9083c756cc2,0xca9ac780acdc41d7f5751404bce5f2b29045dcad,10000
0X286d85a0a60d1e3984d16641b621a782685d24dd,NA,NA,NA,000c8,0x980c06114dc400791fed1069164cf8b908728ee9,0xc02aaa39b223fe8d0a0e5c4f27ead9083c756cc2,10000
0Xf8ead6312796544ef793b69a0c36aceba2930895,NA,NA,NA,000c8,0x3f066b9c995256a1a716e3ded4d9b9754d29b2e0,0xc02aaa39b223fe8d0a0e5c4f27ead9083c756cc2,10000
0Xbc74f4994f642a204ba49fe609368dd1da478e4c,NA,NA,NA,0003c,0x0bde5321370795eb5611af4e04a2cefb03999c84,0xc02aaa39b223fe8d0a0e5c4f27ead9083c756cc2,3000
0X438677894b37ac0e2d6f9569a0fa4f5a4473e667,NA,NA,NA,0003c,0xc02aaa39b223fe8d0a0e5c4f27ead9083c756cc2,0xfd72d141303829541fe5c73c218c94644861706e,3000
0X0843abbe675017bd48c3ecef8310df3004035bc3,NA,NA,NA,0003c,0xb07f0a77a7560937126c203ff8083e0058f3a51c,0xc02aaa39b223fe8d0a0e5c4f27ead9083c756cc2,3000
0Xbec68903105fabe9b849fb1f32ec832dfe9a5b08,NA,NA,NA,000c8,0xc02aaa39b223fe8d0a0e5c4f27ead9083c756cc2,0xfc7a317872966e4a805a06c68408abd57b125551,10000
0X8b537b8705e014b52571f00506cde3dc15f75931,NA,NA,NA,000c8,0x673d54ce3744315d9374136067104019e3d67d0d,0xc02aaa39b223fe8d0a0e5c4f27ead9083c756cc2,10000
0X7d5ea834bed1573bb74818d5742574e1e5bef51e,NA,NA,NA,000c8,0xac048680ec05e275458731640f407ba559a4021f,0xc02aaa39b223fe8d0a0e5c4f27ead9083c756cc2,10000
0Xc567d7d7113f11034de62d623e1812a51f5ead06,NA,NA,NA,000c8,0x88a9bb7eff3f120b1d9646ea5ce0994b2d44ab2f,0xc02aaa39b223fe8d0a0e5c4f27ead9083c756cc2,10000
0X948f585911b47405912ebf2f572934655459e792,NA,NA,NA,000c8,0x2ec75aebbd3bd7f35bf9626c84f57650c5726ecf,0xc02aaa39b223fe8d0a0e5c4f27ead9083c756cc2,10000
0X9c1bba51bc3719d3a3fdf50da0235d1a53f77630,NA,NA,NA,000c8,0x7d5ea834bed1573bb74818d5742574e1e5bef51e,0xc02aaa39b223fe8d0a0e5c4f27ead9083c756cc2,10000
0Xd98d5b49bff55dd5e9ebf9d129d64f7d16886a58,NA,NA,NA,000c8,0x7006e32f56907cd7c19f7ba16ac8b43f79332f60,0xc02aaa39b223fe8d0a0e5c4f27ead9083c756cc2,10000
0X5db90b96dc38bbc141de75606b2a842c3b752d2d,NA,NA,NA,000c8,0x138337c7c143d5696f5e902d707f0c87744fa1d2,0xc02aaa39b223fe8d0a0e5c4f27ead9083c756cc2,10000
0X4c56e745624204941065ab7c96fbb382336cb5a6,NA,NA,NA,000c8,0x26940d0149c2c87ffcc2aba442fef1881463850e,0xc02aaa39b223fe8d0a0e5c4f27ead9083c756cc2,10000
0X37c6ba5456308ceb3c5ab8da3cc4ece4d3d1fbd6,NA,NA,NA,000c8,0x37387ac929deec46c3163edd0e85bacff42ad770,0xc02aaa39b223fe8d0a0e5c4f27ead9083c756cc2,10000
0Xcddbc7e80afc519895d9b014cb7efde3528783ce,NA,NA,NA,000c8,0xb00d58c89bf42ce4b050ad6c69a791eb66032c78,0xc02aaa39b223fe8d0a0e5c4f27ead9083c756cc2,10000
0X711cc2241165cd345405e6e8d9f5a0bb3342b3bb,NA,NA,NA,000c8,0x58a3cf90b754f9bd2cbe76f4c7b4f58ed2a68286,0xc02aaa39b223fe8d0a0e5c4f27ead9083c756cc2,10000
0X446ce1e1e4c23529abdd613d3893fba767eb1b8d,NA,NA,NA,000c8,0x020019d77499936f85ff54eafeea81578e608f05,0xc02aaa39b223fe8d0a0e5c4f27ead9083c756cc2,10000
0Xdf4ac3c6b3d24fc3614029cc30971806e673706b,NA,NA,NA,000c8,0x8df4197669cf7af9fd29d768c932251a0c2e3e94,0xc02aaa39b223fe8d0a0e5c4f27ead9083c756cc2,10000
0X6a31c005a181763451f15858a5d25ccdd4d21a03,NA,NA,NA,000c8,0xc02aaa39b223fe8d0a0e5c4f27ead9083c756cc2,0xcccadc79df2fba3170256189e3e81dc495107eeb,10000
0X921b0500983f32d53301d5c8d30ff4855173d323,NA,NA,NA,000c8,0x56e273522159df73c92ca62e34d447fd02cd08dc,0xc02aaa39b223fe8d0a0e5c4f27ead9083c756cc2,10000
0X806039d725b0138a8196f5475f6826a917c16988,NA,NA,NA,000c8,0x170cf5afe3bf2371610205e429fdd58c860d38e5,0xc02aaa39b223fe8d0a0e5c4f27ead9083c756cc2,10000
0Xeda380e8dae252ab94a61a7d4734cbcaabbeee9b,NA,NA,NA,000c8,0xc02aaa39b223fe8d0a0e5c4f27ead9083c756cc2,0xeda08209e210abe92f41ed0c1df916b2c6f3bb53,10000
0Xa03cac90050ca587bbf63915d221302d3b8373d1,NA,NA,NA,000c8,0x55d360eb13f0ae45e49d9417e74a010ff4acf3cc,0xc02aaa39b223fe8d0a0e5c4f27ead9083c756cc2,10000
0X58c07d8f38f2d1bad3200797709ee110f1859a62,NA,NA,NA,000c8,0x70df157235bd15b6fdd97e53862d4c34944a0d0f,0xc02aaa39b223fe8d0a0e5c4f27ead9083c756cc2,10000
0X405f6cf58c8196b1e29139cbdc18b7d21a218d37,NA,NA,NA,000c8,0x2df977613d7546259bbc3b173879ff81b2b279aa,0xc02aaa39b223fe8d0a0e5c4f27ead9083c756cc2,10000
0X31999dd8f4ec4e35657ef8858359e658538934b8,NA,NA,NA,000c8,0x72ceaf0fb806dfc6693bab2f5fa4d47e0c61cbb1,0xc02aaa39b223fe8d0a0e5c4f27ead9083c756cc2,10000
0X1265014dcb775588b076119fc62538acb8e10ab5,NA,NA,NA,000c8,0x77e06c9eccf2e797fd462a92b6d7642ef85b0a44,0xbfe178cf147fda6490f69fe7e6ae038ff09d2980,10000
0X04d575819516b5527efc28375114f333e035f0f7,NA,NA,NA,000c8,0xc02aaa39b223fe8d0a0e5c4f27ead9083c756cc2,0xe5866ec35822b4f2a44a24c4ae6ebd09eca31707,10000
0Xa10e1424a4b5a0138c32476a50758a8e8a33ea03,NA,NA,NA,000c8,0xc02aaa39b223fe8d0a0e5c4f27ead9083c756cc2,0xd973637d6c982a492bdafe6956cc79163f279b2c,10000
0X3c013ddfe479ca69b6bf82c200cc69d3bf57450d,NA,NA,NA,000c8,0x36c37caf28eb712e4314da4e982fdffe6af42089,0xc02aaa39b223fe8d0a0e5c4f27ead9083c756cc2,10000
0X344b8f0414178c0abca7b3b86b1aec021efccdd9,NA,NA,NA,000c8,0xc02aaa39b223fe8d0a0e5c4f27ead9083c756cc2,0xf12e9ad07b7d5359f39501463be268725640100d,10000
0Xeed88ed4ef2d07f1e769a8df6393f45f263fd247,NA,NA,NA,000c8,0x47c49d85585ca1caf1d29a2e19159eaf715b7c80,0xc02aaa39b223fe8d0a0e5c4f27ead9083c756cc2,10000
0X7373ae796180aba32fb08acacf4b17706184be1b,NA,NA,NA,000c8,0x159921fa4d53837ba31794ca97aaf23484892ef9,0xc02aaa39b223fe8d0a0e5c4f27ead9083c756cc2,10000
0X717965e6d00d8c92a687e1268961508343e5a11b,NA,NA,NA,000c8,0xc02aaa39b223fe8d0a0e5c4f27ead9083c756cc2,0xf645842ae8356ba2cf0a22cae8c7b3d89505c919,10000
0Xaefc8068fc441ca1463012bc63f91e0e2df50a90,NA,NA,NA,000c8,0x92715b8f93729c0b014213f769ef493baecedacc,0xc02aaa39b223fe8d0a0e5c4f27ead9083c756cc2,10000
0X352d38716dc67a46afbb0c8e32695c78e85d850a,NA,NA,NA,000c8,0x793687c35e3af3decd8594c64c46110e8d5547f3,0xc02aaa39b223fe8d0a0e5c4f27ead9083c756cc2,10000
0X5e7899f2e95c1d8dde99d58f7a706473db00a319,NA,NA,NA,000c8,0xaeea4c228f08d76dda9c62b70cbfcde90a7c6c75,0xc02aaa39b223fe8d0a0e5c4f27ead9083c756cc2,10000
0Xdf4063dd64ca25d259c0c809713f611d756acc12,NA,NA,NA,000c8,0xbcf9c470c1e87dd0d17d5613f7ca13bb24ca918f,0xc02aaa39b223fe8d0a0e5c4f27ead9083c756cc2,10000
0X3e5ddce6338de0bbb8ad1e634bfe07786bb1d075,NA,NA,NA,000c8,0x6bf8e2f3457d93140e0fb821be1cd01a23491419,0xc02aaa39b223fe8d0a0e5c4f27ead9083c756cc2,10000
0X9274fe34206975e429234f07a940643585a6b11a,NA,NA,NA,000c8,0x5b121bb647449d1b08d2c66300c47f39fc11ae51,0xc02aaa39b223fe8d0a0e5c4f27ead9083c756cc2,10000
0Xa0cb1e765900627e07e273d1b5bc753b25bff335,NA,NA,NA,000c8,0xc02aaa39b223fe8d0a0e5c4f27ead9083c756cc2,0xd1b584568a95cb1deff05852a5f8d5bc3eb8ece4,10000
0Xcd5bf64cfc3425ec472a96f1848f8136a9732232,NA,NA,NA,0003c,0x8a13e06230a7832190a6848b33c27ea916e7fe18,0xc02aaa39b223fe8d0a0e5c4f27ead9083c756cc2,3000
0Xe18525e322de84bd0bb3dea42cb1001190964a7a,NA,NA,NA,000c8,0x8e0ab1758bdb5a1ef74f6849447a9d845d1e807c,0xc02aaa39b223fe8d0a0e5c4f27ead9083c756cc2,10000
0X0738d8627bb72fdc96b0e327ed32504762fe38f9,NA,NA,NA,000c8,0x860aecb38ba326a7cebed7c9e8818103a20e0503,0xc02aaa39b223fe8d0a0e5c4f27ead9083c756cc2,10000
0X95ae0b21e6621b587134592e18ce7e2aad7d3278,NA,NA,NA,000c8,0x0df0a71e8dd6c015834fe98e73d4bd7ad6ce39ba,0xc02aaa39b223fe8d0a0e5c4f27ead9083c756cc2,10000
0Xa862afc785a3536ea2f68ae95f4529e8b516ffe9,NA,NA,NA,000c8,0x56037bad9c66f8fa60be0b90a7004f256062c866,0xc02aaa39b223fe8d0a0e5c4f27ead9083c756cc2,10000
0X0f5b8e13b682c9c5f98fa53345c1a6966e3e4628,NA,NA,NA,000c8,0x99a6897585f09e2109b85d8b10f82e36baabb10d,0xc02aaa39b223fe8d0a0e5c4f27ead9083c756cc2,10000
0Xc4181fac57beb5d5b0ac5529ee7b57b6daa0795c,NA,NA,NA,000c8,0xc02aaa39b223fe8d0a0e5c4f27ead9083c756cc2,0xcf8eeed12691484b122d837d0425b5695692876a,10000
0X73d2a34192d4eb6821b5af26c5e192a158cac21f,NA,NA,NA,000c8,0x0ec7e07575c4ad054e260f131779238710ff55ed,0xc02aaa39b223fe8d0a0e5c4f27ead9083c756cc2,10000
0X579fedb0d5bbacf4887bdc1f0619ecc9bd20ed6e,NA,NA,NA,000c8,0x4e954b55c78777090befcab79b5b4054bdb81d4f,0xc02aaa39b223fe8d0a0e5c4f27ead9083c756cc2,10000
0X81d919f985389b9a1e4dbd25ac6a5dd45d91a371,NA,NA,NA,000c8,0x805a184a33a8ccc5b0f505d062c7c7cadae31cc2,0xc02aaa39b223fe8d0a0e5c4f27ead9083c756cc2,10000
0Xf70b119fe7a6fce1596724dbd9f5eca244caadbb,NA,NA,NA,0003c,0x2907dcbc51191a5d7494077d1156fffc34f110ab,0xc02aaa39b223fe8d0a0e5c4f27ead9083c756cc2,3000
0X3710c0db052d8fd71f1c9431405a3eb3fff133a5,NA,NA,NA,000c8,0x4346480c68efc6da0b364a6424b22b56f6e7d434,0xc02aaa39b223fe8d0a0e5c4f27ead9083c756cc2,10000
0X3242a5a26617e442e0731e48d0173ad340b7081b,NA,NA,NA,000c8,0x52263e871674fb1c71f4a4b3575c0cc43d027dd7,0xc02aaa39b223fe8d0a0e5c4f27ead9083c756cc2,10000
0X3efc0fc3b4649e2aa70761de4f173099f92e2808,NA,NA,NA,000c8,0xc02aaa39b223fe8d0a0e5c4f27ead9083c756cc2,0xea9e0a8cb3d6d8b19bf1f69c1e6ece058d9bbd53,10000
0X33ccde67229fca9720d67475b58389dde322c495,NA,NA,NA,000c8,0x668102fcd20ceb312efed1b4103607ed2d8cdda0,0xc02aaa39b223fe8d0a0e5c4f27ead9083c756cc2,10000
0X3e187b28d1d698ef4564b9c2e1a6eda91a4cb959,NA,NA,NA,000c8,0x4c2610815d0ecf5078e4585704f4910f40d39541,0xc02aaa39b223fe8d0a0e5c4f27ead9083c756cc2,10000
0X6dfd31cd73bbc5eab29e50a84f60a15ce0e19baf,NA,NA,NA,000c8,0xa149a9e435b353e1d9acfbcf65ad7a22dad7ab0c,0xc02aaa39b223fe8d0a0e5c4f27ead9083c756cc2,10000
0X18c98c06b80a879c8c98458a044de8fe0a1734bc,NA,NA,NA,000c8,0xc02aaa39b223fe8d0a0e5c4f27ead9083c756cc2,0xd09afdeef6a6cdc1578386d779b76583912592bf,10000
0X7b8cedf3f880cb2c823679c0a34967988cfcc6a4,NA,NA,NA,000c8,0x9a27f0a9d45dd49230c026ebe6a344a180877c79,0xc02aaa39b223fe8d0a0e5c4f27ead9083c756cc2,10000
0Xa499b5e6af1d554316bcd96947940de0c3b5836e,NA,NA,NA,000c8,0xaeb3607ec434454ceb308f5cd540875efb54309a,0xc02aaa39b223fe8d0a0e5c4f27ead9083c756cc2,10000
0X8b40fead030603ed516aa8246e421e9aa620218b,NA,NA,NA,000c8,0x68fb96c3f8e2fc6501eb96d2363ec8f81196c3a6,0xc02aaa39b223fe8d0a0e5c4f27ead9083c756cc2,10000
0X9b1216361a44564c405b908e5c0e630af254f142,NA,NA,NA,000c8,0xba307e8e025325aab969a14104c3deef352402fe,0xc02aaa39b223fe8d0a0e5c4f27ead9083c756cc2,10000
0Xa5c391262d9d4d4fb852757d2fa3e9dfcad2318d,NA,NA,NA,000c8,0x1bc71108e898586068caba9ee09397a2d275c092,0xc02aaa39b223fe8d0a0e5c4f27ead9083c756cc2,10000
0X72b5a9dfa32d5f8d07364f36c6ebced5f4a466b3,NA,NA,NA,000c8,0x29dbff8797f77d1bfc3960a9c556fd334bf8b58f,0xc02aaa39b223fe8d0a0e5c4f27ead9083c756cc2,10000
0X25dc8296b8e2ea458cd7c389c9210eb2ec976127,NA,NA,NA,000c8,0x755c0c26f23dfa08bf8359300308f1c7306e0ef4,0xc02aaa39b223fe8d0a0e5c4f27ead9083c756cc2,10000
0X1e6e2d5d7de3ca5d7077ea0307ef107c540920b9,NA,NA,NA,000c8,0xb14d8f2de06db705c1b84975db6f463ba7e66bdd,0xc02aaa39b223fe8d0a0e5c4f27ead9083c756cc2,10000
0Xaf1bfa1bc5e1f8b0ac9cc89c93778cb62c8bd372,NA,NA,NA,000c8,0xc02aaa39b223fe8d0a0e5c4f27ead9083c756cc2,0xc856faeed93073bbc10096ad6518fb783734e087,10000
0X6d3a947b9b0dbb9526f8b51d3facd522f9718143,NA,NA,NA,000c8,0x0420d9ea1bae444de85d6951bf0a197646339dc2,0xc02aaa39b223fe8d0a0e5c4f27ead9083c756cc2,10000
0Xa6846cc12fe4fedd2aeb9aa98914dfe26733cc68,NA,NA,NA,000c8,0x6d9c41d12cac7bc748145cdc74541b7517a889b3,0xc02aaa39b223fe8d0a0e5c4f27ead9083c756cc2,10000
0X63b5742122ae682f4991b13cb9677f52b05de75b,NA,NA,NA,000c8,0xc02aaa39b223fe8d0a0e5c4f27ead9083c756cc2,0xffdd3150a12e563ec999f924907501d4df5eebb1,10000
0X61aec308fff590de7878a001759aec8b1e4b26ce,NA,NA,NA,000c8,0x66540d75c5657af5b6a250024cf40c7e532d39b0,0xc02aaa39b223fe8d0a0e5c4f27ead9083c756cc2,10000
0X2583b15f9efc5af1a4b86db516b4772a51776f70,NA,NA,NA,0003c,0x0e4e7f2aecf408aff4f82f067677050239bdc58a,0xc02aaa39b223fe8d0a0e5c4f27ead9083c756cc2,3000
0Xb7d4b4a87f63f60b5a406d9daa6bd582b61e4149,NA,NA,NA,000c8,0x564b584b15b692e8b9a142ce44e521b8d9157955,0xc02aaa39b223fe8d0a0e5c4f27ead9083c756cc2,10000
0Xb4739153c0c398ef645b05f9092a3bb75637a5d9,NA,NA,NA,000c8,0x627f563a8f7ed02dbd9bb02ea1e4c07979c994bb,0xc02aaa39b223fe8d0a0e5c4f27ead9083c756cc2,10000
0Xf72cd82b4f1b58cb2d213f40f23632a55d8ca9ed,NA,NA,NA,000c8,0x82f4960971b2cc02268ba485c19211eb0fa64c99,0xc02aaa39b223fe8d0a0e5c4f27ead9083c756cc2,10000
0X602c70f43c7436975aec3113b316e7912d5ee2e3,NA,NA,NA,000c8,0xc02aaa39b223fe8d0a0e5c4f27ead9083c756cc2,0xedb357b55bc2da1882b629eadd3df06202092d69,10000
0Xae2abb1c91142420f31f112d3facec382804c6b8,NA,NA,NA,000c8,0xbef26bd568e421d6708cca55ad6e35f8bfa0c406,0xc02aaa39b223fe8d0a0e5c4f27ead9083c756cc2,10000
0X671b8e61c5588f6ec78b9cd75511614945bb2968,NA,NA,NA,000c8,0x38c2a4a7330b22788374b8ff70bba513c8d848ca,0xc02aaa39b223fe8d0a0e5c4f27ead9083c756cc2,10000
0X6bc2b47e74c407c95b92142ab8f10dd5a5d36294,NA,NA,NA,000c8,0x765a303cf7f59631481adc6389eaf7b5bcdb6dfe,0xc02aaa39b223fe8d0a0e5c4f27ead9083c756cc2,10000
0X24634136e4d7466ece3a6d62d1f6598bcdfabc54,NA,NA,NA,00001,0x97f85616fe30618fa2f44d0e6b2fffd31932a3be,0xc02aaa39b223fe8d0a0e5c4f27ead9083c756cc2,100
0X45fb244706f7acb0d20a2b341470bd0d0aca5ce9,NA,NA,NA,0003c,0xa8697c6edebf4584e4611ce6ab2b34a0b295433a,0xdac17f958d2ee523a2206206994597c13d831ec7,3000
0X72b236b8eb61b15833e514750b65b94a73d74a01,NA,NA,NA,000c8,0x3b9b5ad79cbb7649143decd5afc749a75f8e6c7f,0xc02aaa39b223fe8d0a0e5c4f27ead9083c756cc2,10000
0Xf1b8ec1355b7bf3cc77f7b5c99deb5469a273326,NA,NA,NA,0003c,0xa02dc3596f1b0ecfa59d27e2f9a543ee6ac45330,0xdac17f958d2ee523a2206206994597c13d831ec7,3000
0Xe23ed319554698cae826b4fb10f4628c419e2d19,NA,NA,NA,0000a,0x0a236b2d86d8e4e720e58906b9664ae21099bc65,0xc02aaa39b223fe8d0a0e5c4f27ead9083c756cc2,500
0X8dced91df9350901f75dbadacc237dbe9ae175da,NA,NA,NA,000c8,0xa02dc3596f1b0ecfa59d27e2f9a543ee6ac45330,0xdac17f958d2ee523a2206206994597c13d831ec7,10000
0X21edad4d801974a824404e4ed4b3bd95ab876b34,NA,NA,NA,000c8,0xc02aaa39b223fe8d0a0e5c4f27ead9083c756cc2,0xe9689028ede16c2fdfe3d11855d28f8e3fc452a3,10000
0X46140d2ce97297214bf3b0daf023cce8a2786597,NA,NA,NA,0003c,0x855bda6527feec5ad1613ce9ce4f1faea8267d37,0xc02aaa39b223fe8d0a0e5c4f27ead9083c756cc2,3000
0X4459f9f7b80a5c2d96c3481d0d82821f54699abf,NA,NA,NA,0003c,0x7e78c8140bc0958f7ac3e1afba3f6e94754d802c,0xc02aaa39b223fe8d0a0e5c4f27ead9083c756cc2,3000
0X20133a105fc24e5ade88ff7ea9703d7f191c9ddb,NA,NA,NA,0003c,0x3af785b7b36edf87aa89445286b33b35d6f429f1,0xc02aaa39b223fe8d0a0e5c4f27ead9083c756cc2,3000
0X823df5894056b7b81de94b56c765f2d023364b64,NA,NA,NA,0003c,0xa7d0647889de293ab5dd3a8718b3ea65651305a0,0xc02aaa39b223fe8d0a0e5c4f27ead9083c756cc2,3000
0X34e52bcb4f6a3b249ff990d613c980c1da97b2f2,NA,NA,NA,000c8,0x09d6f0f5a21f5be4f59e209747e2d07f50bc694c,0xc02aaa39b223fe8d0a0e5c4f27ead9083c756cc2,10000
0X2818ea851dcfaeeb4633fc8aae08b7063d32e4f5,NA,NA,NA,000c8,0x525574c899a7c877a11865339e57376092168258,0xc02aaa39b223fe8d0a0e5c4f27ead9083c756cc2,10000
0X0cc02ee0114de1845d3941f8bac7bcfee9805f9b,NA,NA,NA,000c8,0x46f55c8e6ed861ffaf1f229e8d5be186335dca1c,0xc02aaa39b223fe8d0a0e5c4f27ead9083c756cc2,10000
0X7e9cb8ad4a7683070e233f3eb1d07d87272b9b26,NA,NA,NA,0003c,0x7189fb5b6504bbff6a852b13b7b82a3c118fdc27,0x82af49447d8a07e3bd95bd0d56f35241523fbab1,3000
0X90d1740b7885a20bf084952617e82e4d7d1a5522,NA,NA,NA,000c8,0x7189fb5b6504bbff6a852b13b7b82a3c118fdc27,0x82af49447d8a07e3bd95bd0d56f35241523fbab1,10000
0Xf66fbd7596f9849a3757f0add3f09c53a399ebb2,NA,NA,NA,0003c,0xb3e8fcde886c1ffee2c66db9d3a438641787fce1,0xc02aaa39b223fe8d0a0e5c4f27ead9083c756cc2,3000
0X793ff42cb794777e1966e16c2f340d72b918ea5f,NA,NA,NA,000c8,0x389c7880cd42069a59a0150e435879fcfac675e5,0xc02aaa39b223fe8d0a0e5c4f27ead9083c756cc2,10000
0Xf4e43a4a17d2820c7cf724e46844943931a47894,NA,NA,NA,000c8,0x7b0df1cd724ec34ec9bc4bd19749b01afb490761,0xa0b86991c6218b36c1d19d4a2e9eb0ce3606eb48,10000
0X847fe2be91776476abe94be0d2c23dbb6d29840f,NA,NA,NA,0003c,0xad201eb27615c18dc358fdc64d96eb3208824e01,0xc02aaa39b223fe8d0a0e5c4f27ead9083c756cc2,3000
0X19a43e2b7454e341ff0d1312acefe900a73f1dc3,NA,NA,NA,0000a,0xa8a6e96c0119b1501c2594b988c2b78e048ce271,0xc02aaa39b223fe8d0a0e5c4f27ead9083c756cc2,500
0Xe458f82f430328073ce48605515793dc060fa7a7,NA,NA,NA,0003c,0x6bf3bcd3666d3bd0d67e54fd436647b03c60269c,0xc02aaa39b223fe8d0a0e5c4f27ead9083c756cc2,3000
0X09776cc0b3f3808004f6cc237d850e0de10e7d95,NA,NA,NA,0000a,0xc02aaa39b223fe8d0a0e5c4f27ead9083c756cc2,0xef00a1910642520c2f8e23d3c0a910933ca7f358,500
0X5d3610ae9b8f78d745049107eb6530c0b587e568,NA,NA,NA,0003c,0x7831243c56f3332d2fc56070aa90a35c1f4ebf50,0xc02aaa39b223fe8d0a0e5c4f27ead9083c756cc2,3000
0Xe4ba34b6eb14bcf1b2dde3b96b1ffa5156548635,NA,NA,NA,0003c,0x983549465b07ae643beacd9759048033728c0c19,0xc02aaa39b223fe8d0a0e5c4f27ead9083c756cc2,3000
0Xb4746646cea268fb34b27acfc2346c8657fc2e92,NA,NA,NA,0003c,0x0e6198ff068b08c85715ee157ee47a7a1c35a4bf,0xc02aaa39b223fe8d0a0e5c4f27ead9083c756cc2,3000
0X58e85ad10c867ca797df35e706faca0f3ac790d0,NA,NA,NA,0003c,0x5f594e0bf03a426f2565f7530dd656921ce32621,0xc02aaa39b223fe8d0a0e5c4f27ead9083c756cc2,3000
0Xc785b3786935ee8864b9e142e86fa40865988d03,NA,NA,NA,0000a,0x72416faa295d85fa2cf5e5b38d13db6e2eacf660,0xc02aaa39b223fe8d0a0e5c4f27ead9083c756cc2,500
0Xd141c0d48d0c46ce5f3b89ee4572c144d787d7b7,NA,NA,NA,0003c,0x0b1b999a98ad94763d2f32b258766040eaaa7dfd,0xc02aaa39b223fe8d0a0e5c4f27ead9083c756cc2,3000
0X9018fc0c48e3ab5f42dd5cbaeeadae32617881ae,NA,NA,NA,0003c,0x52f611b03dca02921e63d7f18ab54d1559ac1a50,0xc02aaa39b223fe8d0a0e5c4f27ead9083c756cc2,3000
0Xa525463f33ef73ba97800f515f9e3f4d7b2b9243,NA,NA,NA,0003c,0x924e3f38bc9e9951556704e581ec2ea552c30fb5,0xc02aaa39b223fe8d0a0e5c4f27ead9083c756cc2,3000
0X425cafd6006e9c348946d747437bfa463679992d,NA,NA,NA,0003c,0x5135bec64796cfd7cd93b6ab68a97a6a6314b18b,0xc02aaa39b223fe8d0a0e5c4f27ead9083c756cc2,3000
0Xda93ee04eb02c8152ee99a03db9e3831c747b582,NA,NA,NA,0003c,0x12eee5509dc612d535b33c753172e1e43be02bfa,0xc02aaa39b223fe8d0a0e5c4f27ead9083c756cc2,3000
0Xdbe53d7947b081bed771ff82c459ad3ec93fc7fd,NA,NA,NA,000c8,0xc02aaa39b223fe8d0a0e5c4f27ead9083c756cc2,0xf718b1b5474eb5cfb103557b651060674f4b8a15,10000
0Xc68e1c1e8798967d50c77a1c8290a4e562114df9,NA,NA,NA,00001,0xc02aaa39b223fe8d0a0e5c4f27ead9083c756cc2,0xcb406cc1e5fdd7ced9faedfeae374c7a610cc27d,100
0X09c9ef09fac8cef8ca08c1296e7abcfb440ba4cd,NA,NA,NA,0003c,0xc02aaa39b223fe8d0a0e5c4f27ead9083c756cc2,0xf342135b479f8387e7011bb325da87f012cb54e0,3000
0X8d6b9917fd143f35fcdfd8906930e3c9cf29e0a4,NA,NA,NA,0003c,0x1d9e8ac1b44fa423991c6d60b252d72d7b146b8e,0xc02aaa39b223fe8d0a0e5c4f27ead9083c756cc2,3000
0X0a12f5ccb713aa5470f012b4f6fb24abdec2ee4d,NA,NA,NA,00001,0x31110062556cbe8148b4a5bc02fed7145607f297,0xc02aaa39b223fe8d0a0e5c4f27ead9083c756cc2,100
0X0ab6ab20a5b950e349cb814730047881511e06e8,NA,NA,NA,000c8,0xc02aaa39b223fe8d0a0e5c4f27ead9083c756cc2,0xcb406cc1e5fdd7ced9faedfeae374c7a610cc27d,10000
0Xe09127da8c1fd5fc970afeffc0fb51f701970cf7,NA,NA,NA,0003c,0x9c8aba52e0d2c1a8dfb4b86b54fcb111afde7068,0xc02aaa39b223fe8d0a0e5c4f27ead9083c756cc2,3000
0X8b86dac6ec66d5f076556c46cffd531574d5e667,NA,NA,NA,0003c,0x3b9fa41672979720ca6ae5ed02bd78cc61656605,0xc02aaa39b223fe8d0a0e5c4f27ead9083c756cc2,3000
0Xe8f7c89c5efa061e340f2d2f206ec78fd8f7e124,NA,NA,NA,00001,0x2260fac5e5542a773aa44fbcfedf7c193bc2c599,0xcbb7c0000ab88b473b1f5afd9ef808440eed33bf,100
0X0da6253560822973185297d5f32ff8fa38243afe,NA,NA,NA,0000a,0x2260fac5e5542a773aa44fbcfedf7c193bc2c599,0xcbb7c0000ab88b473b1f5afd9ef808440eed33bf,500
0X4548280ac92507c9092a511c7396cbea78fa9e49,NA,NA,NA,0003c,0xa0b86991c6218b36c1d19d4a2e9eb0ce3606eb48,0xcbb7c0000ab88b473b1f5afd9ef808440eed33bf,3000
0Xea470b15860c580b9160b977e9e865b287c183f0,NA,NA,NA,0003c,0xcbb7c0000ab88b473b1f5afd9ef808440eed33bf,0xeeeeeeeeeeeeeeeeeeeeeeeeeeeeeeeeeeeeeeee,3000
0X15aa01580ae866f9ff4dbe45e06e307941d90c7b,NA,NA,NA,0003c,0xc02aaa39b223fe8d0a0e5c4f27ead9083c756cc2,0xcbb7c0000ab88b473b1f5afd9ef808440eed33bf,3000
0X02b04582daff9b9b17377f700dca5a9940c6451b,NA,NA,NA,0003c,0x4c18f75953b8f0e8631ff326e6e19682cbd1a0ad,0xc02aaa39b223fe8d0a0e5c4f27ead9083c756cc2,3000
0Xcbd3d93139282afde509e4ba8aa25a0d15aa8d8d,NA,NA,NA,0003c,0x2187317f8135b6de649171f5fc8820f98ca506e2,0xc02aaa39b223fe8d0a0e5c4f27ead9083c756cc2,3000
0X027f2bbfb03a2eabe8c5173eb46379fc19993bc9,NA,NA,NA,000c8,0xc02aaa39b223fe8d0a0e5c4f27ead9083c756cc2,0xf8b864862d4e1bcb0b25b2b2c5c16a6abf31f2d2,10000
0X81482c730bf9e7f8690a6d7ec66b2b5ef4c6e095,NA,NA,NA,000c8,0x038f7acbf6bfb609515cd27f5249270efa8c1c93,0xc02aaa39b223fe8d0a0e5c4f27ead9083c756cc2,10000
0Xdfada3dbe4c0cdd3fefcb6ff7d4e16da0a77a7a4,NA,NA,NA,00001,0x790bb2123001a9a69da914bac61e4c935c31d6b6,0xc02aaa39b223fe8d0a0e5c4f27ead9083c756cc2,100
0Xda9e07e92e31723075b24717b69269bc500ee807,NA,NA,NA,0003c,0x4afc4522e896aeacc83ea5322708ab64a9de5d1d,0xa0b86991c6218b36c1d19d4a2e9eb0ce3606eb48,3000
0X40222c2aedeaccf919963a13d63ea9aa04689eea,NA,NA,NA,0000a,0x4afc4522e896aeacc83ea5322708ab64a9de5d1d,0xa0b86991c6218b36c1d19d4a2e9eb0ce3606eb48,500
0X8a3f83f95510bf5c57231b29c59f13734a03c5dc,NA,NA,NA,000c8,0x69000008cbf4012f6ce45c42a559945dbd6ec3b7,0xc02aaa39b223fe8d0a0e5c4f27ead9083c756cc2,10000
0Xaae89ff623887031b8309134208bbd6cabe34e7c,NA,NA,NA,000c8,0x492c11055c7e9233a2adc2e82bf384fd79d2a675,0xc02aaa39b223fe8d0a0e5c4f27ead9083c756cc2,10000
0X2daf87b2a135e883a94982370629d64cdea55bce,NA,NA,NA,000c8,0x2280000ce6c0217983e990b009da7370fcc195c9,0xc02aaa39b223fe8d0a0e5c4f27ead9083c756cc2,10000
0X74edf4f157e23d87b25a0c372dea9cf641e3efe9,NA,NA,NA,000c8,0x117ea364dc4189732d8196cfbf89a41a7515e4c7,0xc02aaa39b223fe8d0a0e5c4f27ead9083c756cc2,10000
0Xfabef411761a67315d04b0590ca2c43d57835bb8,NA,NA,NA,000c8,0xc02aaa39b223fe8d0a0e5c4f27ead9083c756cc2,0xcf06ac2f0f67bbc7098b45adc68a86ad6d9c6dea,10000
0Xb90326664bae75ad7fa889d07965eec7d0fbe70d,NA,NA,NA,0003c,0xc02aaa39b223fe8d0a0e5c4f27ead9083c756cc2,0xe77076518a813616315eaaba6ca8e595e845eee9,3000
0X29567ae23d65225870c5bd738a6debe7ac5a1d66,NA,NA,NA,000c8,0x8f08b70456eb22f6109f57b8fafe862ed28e6040,0xc02aaa39b223fe8d0a0e5c4f27ead9083c756cc2,10000
0X20908ac19ae81b28d5bbef41a5a32d1ea827ebd2,NA,NA,NA,0003c,0x8f08b70456eb22f6109f57b8fafe862ed28e6040,0xc02aaa39b223fe8d0a0e5c4f27ead9083c756cc2,3000
0X14c32c78639ea31e9d0571b8f9bdc2e7e3d93ca3,NA,NA,NA,000c8,0x1a08886418cfb178f673323d053be34523b61f9a,0xc02aaa39b223fe8d0a0e5c4f27ead9083c756cc2,10000
0X602cb3931406c9b98cc328ab406e50d6a32e559c,NA,NA,NA,000c8,0x243c9be13faba09f945ccc565547293337da0ad7,0xc02aaa39b223fe8d0a0e5c4f27ead9083c756cc2,10000
0Xe547c6d5039d1902db58102e7f52410dbc5b0708,NA,NA,NA,0000a,0xc02aaa39b223fe8d0a0e5c4f27ead9083c756cc2,0xdc035d45d973e3ec169d2276ddab16f1e407384f,500



---
multiple_event_blocks
19186476,19938307,19938307
----
zero_event_blocks
16349812,16349860,16456334,16640667,16640801,16640812,16718031,17007526,17320036,17327840,17327845,17345063,17345169,17345175,17346238,17346297,17346643,17380327,17380371,17380377,17380436,17883443,17885292,19643331,19916182,19948028,19948255,19948372,19948494,19997308,19997358,20095612,20729468,20729485,20729509,20729520,20937686,20937689,20937698
----
time_updated: T