pool,poolSym,liquidity,tick0,tickSpacing,token0,token1,fee,L_percent_change
0X5b47f84e3e555cfea785a2d5eb0bcb7a9f110367,USDC_VOL,46259139346298173734,299224,60,0xA0b86991c6218b36c1d19D4a2e9Eb0cE3606eB48,0xDf287f2eB447ED2AF6F762F6403682abbEc16856,3000,NA
0X390a4d096ba2cc450e73b3113f562be949127ceb,STBU_USDT,102987732890515945,-309756,60,0xa6422E3E219ee6d4C1B18895275FE43556fd50eD,0xdAC17F958D2ee523a2206206994597C13D831ec7,3000,NA
0Xb98bc31bd61770b24f36e21160020489d773f9b8,RUBE_USDT,0,-320912,60,0xb97fca5a2967ed91F36C1cBb60DbFe4c53C1DF44,0xdAC17F958D2ee523a2206206994597C13D831ec7,3000,NA
0X8efb39855aedbcab24081467b92a41ef85d6614f,DIY_WETH,305801991091742724325,-134652,200,0x07aDC37C53CC791C502FfF9314660999EeDd3c20,0xC02aaA39b223FE8D0A0e5C4F27eAD9083C756Cc2,10000,NA
0Xdb7626894772ee111b89dc301b1bad342fd215d5,CARN_PLSB,14492255817759382,4791,60,0x488Db574C77dd27A07f9C97BAc673BC8E9fC6Bf3,0x5EE84583f67D5EcEa5420dBb42b462896E7f8D06,3000,NA
0Xae024bda4cd071b2330eae3c4329477093bf621f,PLSD_CARN,9320383353351315,10523,60,0x34F0915a5f15a66Eba86F6a58bE1A471FB7836A7,0x488Db574C77dd27A07f9C97BAc673BC8E9fC6Bf3,3000,NA
0Xe8156d7d1af43873c776ddf5df55fdf3297da9e8,ASIC_CARN,7969146257238015,-4471,60,0x347a96a5BD06D2E15199b032F46fB724d6c73047,0x488Db574C77dd27A07f9C97BAc673BC8E9fC6Bf3,3000,NA
0X7668b2ea8490955f68f5c33e77fe150066c94fb9,HEX_CARN,506987257577795,70784,60,0x2b591e99afE9f32eAA6214f7B7629768c40Eeb39,0x488Db574C77dd27A07f9C97BAc673BC8E9fC6Bf3,3000,NA
0Xae6afad2361697cd22c06964d69c3152c72815d0,WETH_TAI,8087096053763499,83031,60,0xC02aaA39b223FE8D0A0e5C4F27eAD9083C756Cc2,0xF915110898d9a455Ad2DA51BF49520b41655Ccea,3000,NA
0X10431a7ecf672abdc95fd9205e926f5d1d11c573,iJPEG_WETH,0,-5055,200,0x3415cf1a6459b62A34656e53E4048233775ac0AC,0xC02aaA39b223FE8D0A0e5C4F27eAD9083C756Cc2,10000,NA
0X633f72c19d30064de2e6e74501ae3b16e4ca1964,a_WETH,0,0,1,0x9D0B0008DeC5Ad1300A8Ae14b27946f8bdFa5CCB,0xC02aaA39b223FE8D0A0e5C4F27eAD9083C756Cc2,100,NA
0Xe51e1b71bbdd0b3bb94d39b1c9a420420211520f,PSYCHO_WETH,31624312412629951771593508,-307669,60,0x9ACBD8315d81253f1bA7c0D24cdBd4e01BE44A9B,0xC02aaA39b223FE8D0A0e5C4F27eAD9083C756Cc2,3000,NA
0X1bf09b112b68562cd5f3b72b91a551d01b967ac2,RIPTANIC_WETH,0,-175654,60,0x6121Ef6926dbA4F38d491F3544C2d0246cc386F4,0xC02aaA39b223FE8D0A0e5C4F27eAD9083C756Cc2,3000,NA
0X695d4cccb9ccf5e734ef9c41cea65522948471b3,UKY_WETH,1195660263297255517,-841,200,0x6493354EB3f3e3e39ADe2b93BF694f5fa5613Ec6,0xC02aaA39b223FE8D0A0e5C4F27eAD9083C756Cc2,10000,NA
0X4633afa7c69379ba09912a42b7e59388af596081,SABAI_WETH,15859537354548229794013,-116441,60,0xb5d730D442e1D5B119Fb4E5c843c48a64202ef92,0xC02aaA39b223FE8D0A0e5C4F27eAD9083C756Cc2,3000,NA
0X1063a4259930513e5cdfc69843b1f9a87ea3e3aa,UKY_WETH,0,0,200,0xb513373666a36F408542e45fB74492b2022E6d29,0xC02aaA39b223FE8D0A0e5C4F27eAD9083C756Cc2,10000,NA
0Xbfa6c8a6bcabb10574068037142ae7e8a7fa6228,UKY_WETH,1550613822938424112,2100,200,0x6f448d8687Dd8004fD73da5A938FfF57339BA8bE,0xC02aaA39b223FE8D0A0e5C4F27eAD9083C756Cc2,10000,NA
0X49c5adffa7c31cf1e78383ac803b72b4ef87d9e7,XPEPE_WETH,0,-160029,10,0x30dD9F31a114953254880A8D8e05e215079faE65,0xC02aaA39b223FE8D0A0e5C4F27eAD9083C756Cc2,500,NA
0Xc5c3bf0cf615c0eff6a074ac6806fdebe30967c6,STONKS_WETH,0,-314260,200,0x1eB2E705653FC9c076bf0428851c54c38e40462f,0xC02aaA39b223FE8D0A0e5C4F27eAD9083C756Cc2,10000,NA
0X5325d7a1bf3e8da014180a945c0113d8b254ec50,XSHIB_WETH,0,-143743,60,0xB328Bb1a4C441c8dA2E8d136902B12B6Fd873425,0xC02aaA39b223FE8D0A0e5C4F27eAD9083C756Cc2,3000,NA
0X98ccf53221430a6f47acc47e57fccd37bb792be0,WETH_MEME,0,154992,60,0xC02aaA39b223FE8D0A0e5C4F27eAD9083C756Cc2,0xE1100136FDBB98da916aeede2e3bF7a9e84E100E,3000,NA
0X1fffc8b2519f86e0dae7216867fd8f1ace172f61,SAITAMA_WETH,0,-182906,60,0x96F394F2E847702D8eF2904869d26C26f16F76d6,0xC02aaA39b223FE8D0A0e5C4F27eAD9083C756Cc2,3000,NA
0X57cc86f9e9630c1fec7f688e699fa9de64bdb42c,WETH_XBTC,0,123374,60,0xC02aaA39b223FE8D0A0e5C4F27eAD9083C756Cc2,0xd9591E4EECf30C63253849483F916E0A1d672DC5,3000,NA
0X9dc852b7d7138519ae3172954b7ac4fc2816c8fd,BT2017_WETH,0,-195865,60,0x0f75122f941d7041e4e2282d6196BAFDa430B3B0,0xC02aaA39b223FE8D0A0e5C4F27eAD9083C756Cc2,3000,NA
0Xaa4c9d6e5e349f319abb625aa8dca5f52abea757,PYUSD_USDC,214790251112017,0,10,0x6c3ea9036406852006290770BEdFcAbA0e23A0e8,0xA0b86991c6218b36c1d19D4a2e9Eb0cE3606eB48,500,NA
0X13394005c1012e708fce1eb974f1130fdc73a5ce,PYUSD_USDC,9580890828918,-3,1,0x6c3ea9036406852006290770BEdFcAbA0e23A0e8,0xA0b86991c6218b36c1d19D4a2e9Eb0cE3606eB48,100,NA
0X4532ac4f53871697cbfae2d86517823c1e68b016,WETH_SP500,0,189838,60,0xC02aaA39b223FE8D0A0e5C4F27eAD9083C756Cc2,0xd73f0826f4115E4572dbA46b3311EE13029F5D22,3000,NA
0Xade19e0bebc9e4692a303ab2e9f6a9722594a6af,BITCORN_WETH,0,-180677,60,0x2C72eEcd4A713C222Be143Bb071fCD1A338e3e67,0xC02aaA39b223FE8D0A0e5C4F27eAD9083C756Cc2,3000,NA
0X9e70e1662bf3658a2959d8e278e599eada1f1cbc,BabySHIA_WETH,0,-145879,60,0xaf3c36A960C43E9Ea201D206Adc2190Fd24A6FCf,0xC02aaA39b223FE8D0A0e5C4F27eAD9083C756Cc2,3000,NA
0Xef627919b0f8fb5e68677e91e7ca797c6e0d8d98,SINU_WETH,0,-196597,60,0x31404960edca60b17FC2619a3782210ed4A5BAC9,0xC02aaA39b223FE8D0A0e5C4F27eAD9083C756Cc2,3000,NA
0X46afa7ce6870a73ef3acb401bdfca92a8228d977,XSHIB_WETH,0,-135028,60,0xbC9683EE9525c4525e7e0dCFfe8eeD1447fd4287,0xC02aaA39b223FE8D0A0e5C4F27eAD9083C756Cc2,3000,NA
0X9d3007eb5ca76b6533f646cfa9158deb2c8ed9e6,WETH_XPEPE,0,158698,60,0xC02aaA39b223FE8D0A0e5C4F27eAD9083C756Cc2,0xc068D84E2e6806304A80d6d4A9Ea19b8E69493C0,3000,NA
0X9966b296d843d72a169ed819c40cc19a2bc33565,WETH_BEPE,0,185801,60,0xC02aaA39b223FE8D0A0e5C4F27eAD9083C756Cc2,0xE62aDCBae40bAe7F613Cb6D9630E8A60c6ca15C4,3000,NA
0X37ae74504abab5f7ecaf61a5558451840dcd009a,BabyPEPE_WETH,0,0,60,0xa79198bEdFe90285B819D0020c09430dB74E1DF5,0xC02aaA39b223FE8D0A0e5C4F27eAD9083C756Cc2,3000,NA
0X73bc2a2d767b431c189d3e90b25ffa36a7cfaa23,XX_WETH,0,-146673,60,0x8ea24723c0f3E7b7d1F31f24cB9EeB3E01f8dc8A,0xC02aaA39b223FE8D0A0e5C4F27eAD9083C756Cc2,3000,NA
0X506ef69a32a08527cda629944c50e7f9563df493,HALAL_WETH,0,0,60,0x47645Ab8370b77bC950BCb914FEC0424C97a0F6E,0xC02aaA39b223FE8D0A0e5C4F27eAD9083C756Cc2,3000,NA
0Xfc46b56b5922955859115337a06e5d3b086a2a05,WETH_HALAL,0,163816,60,0xC02aaA39b223FE8D0A0e5C4F27eAD9083C756Cc2,0xf17E0fC7D58088C0dc2Eb548C9401271dACb3E6f,3000,NA
0X2ee5bd61bb5bebf94b653eaf28daf564dad4560e,BABYWOJAK_WETH,0,-159191,60,0x070CfAe02aE9C2FfCb0Cd5EDC5f06478d5077cB3,0xC02aaA39b223FE8D0A0e5C4F27eAD9083C756Cc2,3000,NA
0X15c6941fcf8f368c15cbebfec3b04ad2fcdfbcc3,DvF_WETH,0,-157647,60,0x2a20a258eb8732c41799A1CF65d9E353D62C661F,0xC02aaA39b223FE8D0A0e5C4F27eAD9083C756Cc2,3000,NA
0Xfb307df07f6a74a151328214857cb6e451fc790f,BTC三TH_WETH,0,-176540,60,0x04C54cC7d44c93f5Be2B1f549611bA60a8252251,0xC02aaA39b223FE8D0A0e5C4F27eAD9083C756Cc2,3000,NA
0X6f4c5b6db53d090c368ac49eecc276632ff7255d,WETH_BTC,0,132431,60,0xC02aaA39b223FE8D0A0e5C4F27eAD9083C756Cc2,0xcE65B59A3dEa8BED78837A72983bdA835d9a0229,3000,NA
0X02f604a04e86f7a2a403b3240e19d9b32c56ef08,三TH_WETH,0,-163941,60,0xa9F8F91e2145a22cD3f9e18A6662a7174dEFBBe2,0xC02aaA39b223FE8D0A0e5C4F27eAD9083C756Cc2,3000,NA
0X3c490d4e4521510e6b76fee89eb362fc6c5f053c,Xpro_WETH,0,-137526,60,0x59715ba2f05d6e9ba5ecB10a1212E7258B0c3e40,0xC02aaA39b223FE8D0A0e5C4F27eAD9083C756Cc2,3000,NA
0X41e10a3b9714c0e0b1dcc524e277bd2fd42dd274,WETH_SHIC,0,139942,60,0xC02aaA39b223FE8D0A0e5C4F27eAD9083C756Cc2,0xcc64fc3ac4aF7e5D8c3162C0E75247A0BbeE6077,3000,NA
0X1f9fa799b0fd2f8ef5f14881e0f4c1dd38b87dc6,XXX_WETH,0,-143834,60,0x16FbD31886479c6BCcD0870Efa77846DAa8Fa36c,0xC02aaA39b223FE8D0A0e5C4F27eAD9083C756Cc2,3000,NA
0Xb17f02208abff9255de80c657bf3d00910374857,WETH_SHIC,0,142321,10,0xC02aaA39b223FE8D0A0e5C4F27eAD9083C756Cc2,0xcc64fc3ac4aF7e5D8c3162C0E75247A0BbeE6077,500,NA
0Xdbd4a16e4cde700720cf5c599056e1d192d880f8,WETH_DWOJAK,0,156155,60,0xC02aaA39b223FE8D0A0e5C4F27eAD9083C756Cc2,0xe587469f644571e1812479fb6ACdF07cF99F7b7A,3000,NA
0Xbadae641d72b84fcffe36f0172b40bb5221c7a3c,WETH_DORKD,0,166848,60,0xC02aaA39b223FE8D0A0e5C4F27eAD9083C756Cc2,0xE453b4ab221B42dcEe81030656c5b987e9798888,3000,NA
0Xd524b87296f3ee6d7e0207ee457cbc3d9a775479,WOW_WETH,0,-162139,60,0x7fbdACc099bba77d90Ea9F87E595e18897dac4C5,0xC02aaA39b223FE8D0A0e5C4F27eAD9083C756Cc2,3000,NA
0X714e22256eac1d6fcf020ed3f435874591dd6e24,Treat_WETH,0,-136198,60,0xbCEe578E9B5a0f4d19e8d35E628fAAE293BbcE80,0xC02aaA39b223FE8D0A0e5C4F27eAD9083C756Cc2,3000,NA
0Xbeb395a8b40b9756ca41a9c79356f3d71f12d5a3,WETH_FINN,0,158383,60,0xC02aaA39b223FE8D0A0e5C4F27eAD9083C756Cc2,0xE65A0d75BcE722507588DD6CA256A10FC935c26F,3000,NA
0X121abd68b06d73fec90c89dfe55b9694ac8a3e80,WETH_BitPEPE,0,0,60,0xC02aaA39b223FE8D0A0e5C4F27eAD9083C756Cc2,0xEdf7fad88AEaA63b35dDa8dDA965eF1C28319A32,3000,NA
0Xecf2e6a036f226b39e77ab1d2ecec3cd38ddb960,WETH_FINE2.0,0,149291,60,0xC02aaA39b223FE8D0A0e5C4F27eAD9083C756Cc2,0xd6637F75E1Dd724c38D8a95299AAc34a9800df61,3000,NA
0Xb97949cb28fbfce32b63e4b39bb8944c1ba79583,ALIEN_WETH,0,-156081,60,0x31CF39Ed2205B7fC310f00D72102cA0B4A9AE16C,0xC02aaA39b223FE8D0A0e5C4F27eAD9083C756Cc2,3000,NA
0X348daf0546c763f15ca5f83ca1ea909c85a44eee,WETH_BitPEPE,0,0,10,0xC02aaA39b223FE8D0A0e5C4F27eAD9083C756Cc2,0xEdf7fad88AEaA63b35dDa8dDA965eF1C28319A32,500,NA
0Xb6f69846d301c1e6090a1d6cc28cb0b4c764c0ab,WETH_Mooon,0,126003,10,0xC02aaA39b223FE8D0A0e5C4F27eAD9083C756Cc2,0xfAC14acC884840130876e9e047A2c5c7F9be0018,500,NA
0Xe60c06621c7617085a56ab401984f232d19196bf,APEPE_WETH,0,-165372,60,0xbb212632162085E470148A1F731B1eF03e4b14AA,0xC02aaA39b223FE8D0A0e5C4F27eAD9083C756Cc2,3000,NA
0X6845873089fdb0a2c75e0a2b3e329d2567cd7926,WETH_BabyX,0,0,10,0xC02aaA39b223FE8D0A0e5C4F27eAD9083C756Cc2,0xd5F047a72FC970CfcF79100F8576CC071fC87Bb4,500,NA
0X164063f1480ededbb7ae2df146f39290a05cde38,WETH_BabyX,0,137780,10,0xC02aaA39b223FE8D0A0e5C4F27eAD9083C756Cc2,0xF3c8F057350b64a673080aDb64aa608622DFf992,500,NA
0X9dcc58ca7194a1e903402e37dfd892c0adc19447,BitPEPE_WETH,0,-138118,10,0x078363E448f31C644E1e27c08E9aa2456Fa7BA8B,0xC02aaA39b223FE8D0A0e5C4F27eAD9083C756Cc2,500,NA
0X9fdd32d21d740414697fa18a70a602a31cff21cb,WETH_KARAOKE,0,233548,200,0xC02aaA39b223FE8D0A0e5C4F27eAD9083C756Cc2,0xe9C4D8EB2AfD532ADB489110A15e3cF9F34Fc60E,10000,NA
0X535d3a8778eb78af1906cc37a5baf38469d4f0de,XX_WETH,0,-127775,10,0x243Bbe4F163fbd1E0B50B061F4106a8EAEe172E9,0xC02aaA39b223FE8D0A0e5C4F27eAD9083C756Cc2,500,NA
0X84c30bb95d435941cbda27b21353524df74ba8af,PERFECTION_WETH,0,-172358,60,0xb9F02B7e01e02f6F1188a507705DCbbfC4e845dA,0xC02aaA39b223FE8D0A0e5C4F27eAD9083C756Cc2,3000,NA
0X72b2f5b231006ad46e36f33d5abd8d42d188bb8c,INTENSE_WETH,0,-176938,60,0x9A9c3395988F80BB3d63d4901D22690438016F00,0xC02aaA39b223FE8D0A0e5C4F27eAD9083C756Cc2,3000,NA
0X195df9bcfe1433430f5f17b4f6cf5f7ed9468537,DOGEM_WETH,0,-141311,10,0x3e4f8E22881b3A0786f6C8bDdfF66F7774275279,0xC02aaA39b223FE8D0A0e5C4F27eAD9083C756Cc2,500,NA
0X48ca8581f5cb4d6bf6e921933a0d1ee832386618,PT_WETH,0,-205550,10,0x46805b70B35300da7fcf21Ab009feFf747b4eB79,0xC02aaA39b223FE8D0A0e5C4F27eAD9083C756Cc2,500,NA
0Xd48f0616c831faeaf8a801496e62e83bc2fc57f7,DUMBLEDOR_WETH,0,-217038,60,0x87f6fC76298534D04d4D6E69Fd69C2f7fe523B0D,0xC02aaA39b223FE8D0A0e5C4F27eAD9083C756Cc2,3000,NA
0X2c395a04b0642d2b7690117d86f06541932728a3,WETH_POLKA,0,246365,60,0xC02aaA39b223FE8D0A0e5C4F27eAD9083C756Cc2,0xebDf7f7DfAC29949b493D4D1c9F60648F29428a6,3000,NA
0Xbe07759a1e9dbfdc9212e63967e86f63bf8361c5,SHIFU_WETH,0,-162642,60,0x481Aeac57Ed8b16c528B60F490366730AdF8A491,0xC02aaA39b223FE8D0A0e5C4F27eAD9083C756Cc2,3000,NA
0X53092bfd1f91a881201ce5d1f575ee3194adb6f4,NASDAQ6900_WETH,0,-178000,60,0x1FefD6e697b6920544d3ffDFCCB0084ce4eB7E44,0xC02aaA39b223FE8D0A0e5C4F27eAD9083C756Cc2,3000,NA
0Xfba26c3f9c8ecef989def3c5c8ad037487462d83,BIFI_WETH,394384326230325230155,-21845,60,0xB1F1ee126e9c96231Cc3d3fAD7C08b4cf873b1f1,0xC02aaA39b223FE8D0A0e5C4F27eAD9083C756Cc2,3000,NA
0Xb44cb18baf987725b668a64202ac256a61e3b89a,stETH_DOG,0,-149153,60,0xae7ab96520DE3A18E5e111B5EaAb095312D7fE84,0xBAac2B4491727D78D2b78815144570b9f2Fe8899,3000,NA
0X2674146a49a3685dea585c710c2e4cdb2db94e3f,BEKIND_WETH,0,42367,60,0x6eFa8111f994b476d3656F85eE9Cc5fFa0E9B8d2,0xC02aaA39b223FE8D0A0e5C4F27eAD9083C756Cc2,3000,NA
0X1089492c0e70fa48998c8c60ae895fbe9a50ddb3,WETH_GROBIBI,0,125811,60,0xC02aaA39b223FE8D0A0e5C4F27eAD9083C756Cc2,0xe1dC698570Bef4f9972d2d1D5e1b749989de341A,3000,NA
0Xb8e57ad82fef393d2e3415f9e5b7916599850bc8,WETH_UncleGrok,0,175757,60,0xC02aaA39b223FE8D0A0e5C4F27eAD9083C756Cc2,0xC1750d4EF91486005a140F609A9e06CDA680F13D,3000,NA
0Xb208e29a0c726201696be0296c422b665043399b,LinkETF_WETH,0,-153724,60,0xb496D189039127b9D4882881dCA4dbB2eB5426A0,0xC02aaA39b223FE8D0A0e5C4F27eAD9083C756Cc2,3000,NA
0Xa6656d691a80b01126d23ef9268212b74abcfaf5,TraderDoge_WETH,0,-193660,60,0x96aC8B252e1a9b75418964849f1985aEF3798DB0,0xC02aaA39b223FE8D0A0e5C4F27eAD9083C756Cc2,3000,NA
0Xbcfd88dcde22a98fd15a87545fde4f7a419092c6,XAI_WETH,0,-131246,60,0xAfD87dF001ba1c9d051656EaAE487CE8Ae0Dea37,0xC02aaA39b223FE8D0A0e5C4F27eAD9083C756Cc2,3000,NA
0X7ed5e55dc172beae2bf23a10e7becc980dbd4e4f,RedPEPE_WETH,0,-184129,60,0x6eEfd0Dd13D8e92Ba942Ff55B14E2D511dD5fF77,0xC02aaA39b223FE8D0A0e5C4F27eAD9083C756Cc2,3000,NA
0X0ed56b8bb7b7592fbc476ab2c27d96ae9145f4fc,USDC_GPT,0,322378,200,0xA0b86991c6218b36c1d19D4a2e9Eb0cE3606eB48,0xCdb4A8742ed7D0259b51E3454C46C9D6C48d5e88,10000,NA
0Xa28c4c450aa9b4f7f52f4ed8072d72e8d38fcb3c,WETH_GPT,144854203571033119090918,134536,200,0xC02aaA39b223FE8D0A0e5C4F27eAD9083C756Cc2,0xCdb4A8742ed7D0259b51E3454C46C9D6C48d5e88,10000,NA
0X38eac00c7170aee9e8d0feed6877593792dcbb58,WETH_DEFROGS,294806402363656023,35535,200,0xC02aaA39b223FE8D0A0e5C4F27eAD9083C756Cc2,0xd555498a524612c67f286dF0e0a9a64a73a7Cdc7,10000,NA
0Xebb81820eca388b83ed7187717c6b4c137f697fe,Solana404_WETH,0,-83324,60,0x5BD0293F29d40D982F33f41efFC0e23D6c7d20E8,0xC02aaA39b223FE8D0A0e5C4F27eAD9083C756Cc2,3000,NA
0X9ffdbede2ce676cd215aaaea26262a5e683451cd,DOTS_WETH,0,-223339,60,0x10F2E2d39085AcD1d815d8a8EA0E3F9bfEb7173e,0xC02aaA39b223FE8D0A0e5C4F27eAD9083C756Cc2,3000,NA
0X7eeb65b2978d8f1d27d66324939480dafe9ffb09,WETH_SIMP,0,169591,200,0xC02aaA39b223FE8D0A0e5C4F27eAD9083C756Cc2,0xCD1Bc5339FfEBA535259E3D7Dfb7dDe49AcA5d22,10000,NA
0X8fdf09a4fe7ee9fd0dd1864fea334723bf645a82,WONDER_WETH,0,-78360,200,0x80c6fa7A67b5E8A4B365315207c89d588152144C,0xC02aaA39b223FE8D0A0e5C4F27eAD9083C756Cc2,10000,NA
0X932573fac2ddef5e175139dbbcd1e7176efc902a,PEPE_WETH,0,0,200,0x05596878026e4F5289b7D83958304c0d17fc043f,0xC02aaA39b223FE8D0A0e5C4F27eAD9083C756Cc2,10000,NA
0X7d6580bf14fda02059ef44fe22907928289d19e4,WETH_COSMIC,0,0,200,0xC02aaA39b223FE8D0A0e5C4F27eAD9083C756Cc2,0xd96BB2e793f338765B723C88B4dF011902D3FB98,10000,NA
0Xef5ff1c6cf479d193b79a8a8492d856e231e67d6,SHD_WETH,0,-177287,200,0x0E236c3932887CdC57c887dD97DEc82236D1B400,0xC02aaA39b223FE8D0A0e5C4F27eAD9083C756Cc2,10000,NA
0Xc5d8b973a9107706de1c5868b31687ea3a67b527,BS_WETH,0,-66870,200,0x98478961FaC1c2bd925759c7A5e0333Ca6814A84,0xC02aaA39b223FE8D0A0e5C4F27eAD9083C756Cc2,10000,NA
0X6ad9afd7ec0ff6f3fa4863e1d99059eaa0d2bd0c,COLOR_WETH,0,-79055,200,0x4E34ffB1E0d20307A0F5A750f9C9990CE3403073,0xC02aaA39b223FE8D0A0e5C4F27eAD9083C756Cc2,10000,NA
0X7c6776bac3ea54878a2ddc3fd1c26ef87c8f255f,MNRCH_WETH,31636228737566229628,-75809,200,0x6C061D18D2b5bbfBe8a8D1EEB9ee27eFD544cC5D,0xC02aaA39b223FE8D0A0e5C4F27eAD9083C756Cc2,10000,NA
0Xf52180b39551178c5a7d846472693911374d4b74,Hot_WETH,0,-67930,200,0x0FC3aD8a057076C4A2e4764AefFc07956B4d6fE7,0xC02aaA39b223FE8D0A0e5C4F27eAD9083C756Cc2,10000,NA
0Xce077fd0ec74ea59751fb9c112f3126b54dd83b9,Fidenza_WETH,0,-55688,200,0x55e0450Adaf1D770d6fCC5ea4997B6651fd61d25,0xC02aaA39b223FE8D0A0e5C4F27eAD9083C756Cc2,10000,NA
0X50655331cd3c3af0ade8a9b978956e27d3d1c375,EquipmentCache_WETH,0,0,200,0x246F72e6E9EE6ECa8D1cEefF635aD5478123C557,0xC02aaA39b223FE8D0A0e5C4F27eAD9083C756Cc2,10000,NA
0X1a280f1593832394c064162ca223777519cee8d2,BAYC_WETH,0,-29593,200,0xa10ea926eBfFD95E06f958c42570ff79Ac2Fb70c,0xC02aaA39b223FE8D0A0e5C4F27eAD9083C756Cc2,10000,NA
0X01be88089ca25285a9bf68ee3702d7ee8c15df0b,KK_WETH,0,-79004,200,0x0CbeD74834AD24bB3bB4654398a0697A2BBEa02C,0xC02aaA39b223FE8D0A0e5C4F27eAD9083C756Cc2,10000,NA
0Xb70ae648f4433b54a985994f36c8c9845810b41b,WETH_BOX,0,89818,60,0xC02aaA39b223FE8D0A0e5C4F27eAD9083C756Cc2,0xE656CE7c4bd33D7740b815A7eD8ebE28591D51F3,3000,NA
0X4438167f38a9c27231004922414ba66f1c8bb3c3,WETH_TRUMP,0,40709,60,0xC02aaA39b223FE8D0A0e5C4F27eAD9083C756Cc2,0xc7f3FfF8c350122E962345aF346490ac77b68d59,3000,NA
0X339643c445e807756b3d4dd5cd29859ab0d35b6f,KK_WETH,0,-28854,200,0x0883acEAD44D329a745af44e561e23D748f0b6C6,0xC02aaA39b223FE8D0A0e5C4F27eAD9083C756Cc2,10000,NA
0Xd80029128c09f492444166a332844353b3fc184c,BOX_WETH,0,-67111,60,0x3add0C6B51E1526f3b4ffbb5dE4eFe1Dc3990439,0xC02aaA39b223FE8D0A0e5C4F27eAD9083C756Cc2,3000,NA
0X92a6f36afc813ad8f59191358c690cd7740c3f57,BC_WETH,0,0,200,0xb34099d74F8Bb3Df426E6377835959839b89Fd59,0xC02aaA39b223FE8D0A0e5C4F27eAD9083C756Cc2,10000,NA
0X7568883c114d991b4a965de9a91733621bc1481c,WETH_KK404,0,887271,200,0xC02aaA39b223FE8D0A0e5C4F27eAD9083C756Cc2,0xeb3c784eFBF242Bb5C55D2Ae7445C339b8FC1fA5,10000,NA
0X9d3d663ed1a78b1a7a4ce59a774d317dbf219f2d,LADYS_WETH,0,-56854,200,0xA247cC263f7aD29B8873Be22683539C0182291A8,0xC02aaA39b223FE8D0A0e5C4F27eAD9083C756Cc2,10000,NA
0X435a44fe4d649968ca9dca5ee0a37b75b34cf69b,WETH_JEFF,0,29041,200,0xC02aaA39b223FE8D0A0e5C4F27eAD9083C756Cc2,0xC3E34fe8464f1D54a08A862C8a977343807148aC,10000,NA
0X1d05822d9f5b4cf8b85cefcf22eecceb674dc5a5,WETH_Mezzi,0,887271,200,0xC02aaA39b223FE8D0A0e5C4F27eAD9083C756Cc2,0xE00631a3257e75a22E8819E1d8A4D69B61F858E4,10000,NA
0Xaf4a35e5f3e12ad989ccca50db532684f1e042a8,MOLLY_WETH,90581555307097086495,-29931,200,0x5235097287138e238CfC3C2507Eae31f596786a8,0xC02aaA39b223FE8D0A0e5C4F27eAD9083C756Cc2,10000,NA
0X46a4d4a53ffe29db5f263ab6e0d6e45537b0412f,PEPEMON_WETH,387403337987356574984,-68215,200,0x4046EAc59cEEADc1E069bC513b3Fc5554711Aaa7,0xC02aaA39b223FE8D0A0e5C4F27eAD9083C756Cc2,10000,NA
0Xe6086771cace1a75bc5a16663ee074a300ec93b7,SHIBA_WETH,0,-36087,200,0x46838b6328624Ce3edA78E81984e7e977B39643F,0xC02aaA39b223FE8D0A0e5C4F27eAD9083C756Cc2,10000,NA
0X0b1559e3cd05dad5b42fda3ccba44ec7d463cb5e,WETH_PIXELS,0,69913,200,0xC02aaA39b223FE8D0A0e5C4F27eAD9083C756Cc2,0xdDDcAdBc2B004B15A041cAB3234695546971533E,10000,NA
0X6500b9239773e0516ab1ffa123ff9aaea9a318e3,NOBODY_WETH,976091223028933411,-91412,200,0x4E77BaFC89772B0675D865C495e4F29585A94455,0xC02aaA39b223FE8D0A0e5C4F27eAD9083C756Cc2,10000,NA
0X6fc4073c37a2f6742dc416ba1125f3a0d6540661,FLOKI_WETH,0,-55888,200,0x958738e040Cd81f70aa9fDedbC3a274F2859A4e0,0xC02aaA39b223FE8D0A0e5C4F27eAD9083C756Cc2,10000,NA
0Xfd1d67023d0fed6750092a6ac01d273a2718e49d,WETH_BearBrick404,40017620126074914,64371,200,0xC02aaA39b223FE8D0A0e5C4F27eAD9083C756Cc2,0xca9ac780AcDc41d7f5751404bcE5f2b29045DcAD,10000,NA
0X286d85a0a60d1e3984d16641b621a782685d24dd,MILADY_WETH,0,-101265,200,0x980C06114dc400791fED1069164CF8b908728ee9,0xC02aaA39b223FE8D0A0e5C4F27eAD9083C756Cc2,10000,NA
0Xf8ead6312796544ef793b69a0c36aceba2930895,BITCOIN_WETH,0,0,200,0x3f066B9c995256a1A716E3Ded4d9B9754D29B2e0,0xC02aaA39b223FE8D0A0e5C4F27eAD9083C756Cc2,10000,NA
0X438677894b37ac0e2d6f9569a0fa4f5a4473e667,WETH_BOX,0,59671,60,0xC02aaA39b223FE8D0A0e5C4F27eAD9083C756Cc2,0xFd72d141303829541fe5C73c218c94644861706e,3000,NA
0X0843abbe675017bd48c3ecef8310df3004035bc3,PPG404_WETH,0,-37041,60,0xb07f0a77A7560937126C203ff8083E0058F3A51c,0xC02aaA39b223FE8D0A0e5C4F27eAD9083C756Cc2,3000,NA
0Xbec68903105fabe9b849fb1f32ec832dfe9a5b08,WETH_IPET,0,22690,200,0xC02aaA39b223FE8D0A0e5C4F27eAD9083C756Cc2,0xfc7a317872966e4a805a06C68408aBD57b125551,10000,NA
0X8b537b8705e014b52571f00506cde3dc15f75931,BROKE_WETH,0,-77837,200,0x673d54ce3744315d9374136067104019E3D67d0d,0xC02aaA39b223FE8D0A0e5C4F27eAD9083C756Cc2,10000,NA
0X7d5ea834bed1573bb74818d5742574e1e5bef51e,Rhinoma_WETH,0,-24592,200,0xac048680EC05E275458731640f407bA559a4021f,0xC02aaA39b223FE8D0A0e5C4F27eAD9083C756Cc2,10000,NA
0Xc567d7d7113f11034de62d623e1812a51f5ead06,ERC420X_WETH,0,-111160,200,0x88A9Bb7EfF3f120B1d9646EA5ce0994B2d44aB2f,0xC02aaA39b223FE8D0A0e5C4F27eAD9083C756Cc2,10000,NA
0X948f585911b47405912ebf2f572934655459e792,ELON_WETH,0,-31410,200,0x2Ec75aEbBD3Bd7f35bF9626C84f57650C5726EcF,0xC02aaA39b223FE8D0A0e5C4F27eAD9083C756Cc2,10000,NA
0Xd98d5b49bff55dd5e9ebf9d129d64f7d16886a58,MoonVers_WETH,0,-31089,200,0x7006E32F56907cD7c19f7Ba16AC8b43F79332F60,0xC02aaA39b223FE8D0A0e5C4F27eAD9083C756Cc2,10000,NA
0X5db90b96dc38bbc141de75606b2a842c3b752d2d,PROM_WETH,0,-66246,200,0x138337C7c143D5696f5E902D707f0c87744FA1D2,0xC02aaA39b223FE8D0A0e5C4F27eAD9083C756Cc2,10000,NA
0X4c56e745624204941065ab7c96fbb382336cb5a6,CHAOS_WETH,0,-53266,200,0x26940d0149C2c87ffcc2AbA442fEf1881463850e,0xC02aaA39b223FE8D0A0e5C4F27eAD9083C756Cc2,10000,NA
0X37c6ba5456308ceb3c5ab8da3cc4ece4d3d1fbd6,NO_WETH,0,-34459,200,0x37387AC929DEeC46c3163EDd0E85BaCfF42Ad770,0xC02aaA39b223FE8D0A0e5C4F27eAD9083C756Cc2,10000,NA
0Xcddbc7e80afc519895d9b014cb7efde3528783ce,KARRAT_WETH,0,-43670,200,0xb00D58c89Bf42cE4b050AD6C69A791eB66032c78,0xC02aaA39b223FE8D0A0e5C4F27eAD9083C756Cc2,10000,NA
0X711cc2241165cd345405e6e8d9f5a0bb3342b3bb,BUSINESSMAN_WETH,0,-62858,200,0x58a3Cf90B754f9bd2CBE76f4c7B4F58ED2a68286,0xC02aaA39b223FE8D0A0e5C4F27eAD9083C756Cc2,10000,NA
0X446ce1e1e4c23529abdd613d3893fba767eb1b8d,PUNK404_WETH,0,-59465,200,0x020019d77499936F85fF54eaFeea81578e608f05,0xC02aaA39b223FE8D0A0e5C4F27eAD9083C756Cc2,10000,NA
0Xdf4ac3c6b3d24fc3614029cc30971806e673706b,NINJA_WETH,0,-29580,200,0x8DF4197669Cf7aF9fd29d768C932251a0C2e3E94,0xC02aaA39b223FE8D0A0e5C4F27eAD9083C756Cc2,10000,NA
0X6a31c005a181763451f15858a5d25ccdd4d21a03,WETH_SHIBITS,0,64044,200,0xC02aaA39b223FE8D0A0e5C4F27eAD9083C756Cc2,0xcCcADC79DF2FBa3170256189E3e81DC495107eeB,10000,NA
0X921b0500983f32d53301d5c8d30ff4855173d323,SJDJSS_WETH,0,-111902,200,0x56e273522159dF73C92ca62E34D447Fd02cD08Dc,0xC02aaA39b223FE8D0A0e5C4F27eAD9083C756Cc2,10000,NA
0X806039d725b0138a8196f5475f6826a917c16988,TW404_WETH,0,-26826,200,0x170Cf5AFe3BF2371610205E429FDD58C860d38E5,0xC02aaA39b223FE8D0A0e5C4F27eAD9083C756Cc2,10000,NA
0Xeda380e8dae252ab94a61a7d4734cbcaabbeee9b,WETH_LOOT404,0,-135928,200,0xC02aaA39b223FE8D0A0e5C4F27eAD9083C756Cc2,0xeda08209e210AbE92f41ed0c1dF916b2C6f3Bb53,10000,NA
0Xa03cac90050ca587bbf63915d221302d3b8373d1,PONEY_WETH,0,-78004,200,0x55D360eb13F0ae45e49d9417e74A010FF4Acf3cC,0xC02aaA39b223FE8D0A0e5C4F27eAD9083C756Cc2,10000,NA
0X58c07d8f38f2d1bad3200797709ee110f1859a62,ARENA_WETH,0,-96919,200,0x70df157235Bd15B6fDD97E53862d4c34944A0D0F,0xC02aaA39b223FE8D0A0e5C4F27eAD9083C756Cc2,10000,NA
0X405f6cf58c8196b1e29139cbdc18b7d21a218d37,ADELASSA_WETH,0,-83779,200,0x2Df977613d7546259bbc3B173879fF81B2B279aa,0xC02aaA39b223FE8D0A0e5C4F27eAD9083C756Cc2,10000,NA
0X31999dd8f4ec4e35657ef8858359e658538934b8,VITALIK_WETH,0,-49307,200,0x72CeAf0Fb806dfc6693baB2F5fA4D47e0c61cBb1,0xC02aaA39b223FE8D0A0e5C4F27eAD9083C756Cc2,10000,NA
0X1265014dcb775588b076119fc62538acb8e10ab5,wTAO_PSI/ACC,228432490884868,321338,200,0x77E06c9eCCf2E797fd462A92B6D7642EF85b0A44,0xBFE178CF147FDA6490F69fe7E6Ae038fF09d2980,10000,NA
0X04d575819516b5527efc28375114f333e035f0f7,WETH_VEIL,0,31908,200,0xC02aaA39b223FE8D0A0e5C4F27eAD9083C756Cc2,0xE5866eC35822B4f2a44a24C4AE6EbD09eca31707,10000,NA
0Xa10e1424a4b5a0138c32476a50758a8e8a33ea03,WETH_HUB,0,887271,200,0xC02aaA39b223FE8D0A0e5C4F27eAD9083C756Cc2,0xD973637d6c982a492BdAFE6956cc79163F279B2C,10000,NA
0X3c013ddfe479ca69b6bf82c200cc69d3bf57450d,PUPPIES_WETH,0,-44811,200,0x36c37CAF28eb712e4314da4E982FDfFE6Af42089,0xC02aaA39b223FE8D0A0e5C4F27eAD9083C756Cc2,10000,NA
0X344b8f0414178c0abca7b3b86b1aec021efccdd9,WETH_HUB,0,23656,200,0xC02aaA39b223FE8D0A0e5C4F27eAD9083C756Cc2,0xf12e9AD07B7d5359f39501463Be268725640100D,10000,NA
0Xeed88ed4ef2d07f1e769a8df6393f45f263fd247,CORP_WETH,0,-23974,200,0x47C49d85585Ca1cAF1d29A2e19159eaF715b7C80,0xC02aaA39b223FE8D0A0e5C4F27eAD9083C756Cc2,10000,NA
0X7373ae796180aba32fb08acacf4b17706184be1b,OBLX_WETH,0,-65023,200,0x159921fa4D53837Ba31794Ca97Aaf23484892Ef9,0xC02aaA39b223FE8D0A0e5C4F27eAD9083C756Cc2,10000,NA
0X717965e6d00d8c92a687e1268961508343e5a11b,WETH_WIFU,0,0,200,0xC02aaA39b223FE8D0A0e5C4F27eAD9083C756Cc2,0xf645842aE8356bA2cf0a22Cae8c7B3D89505C919,10000,NA
0Xaefc8068fc441ca1463012bc63f91e0e2df50a90,WIFU_WETH,0,-101682,200,0x92715b8F93729c0B014213f769EF493baecEDACC,0xC02aaA39b223FE8D0A0e5C4F27eAD9083C756Cc2,10000,NA
0X352d38716dc67a46afbb0c8e32695c78e85d850a,TALUS_WETH,0,-82612,200,0x793687c35e3af3DeCD8594c64C46110e8D5547F3,0xC02aaA39b223FE8D0A0e5C4F27eAD9083C756Cc2,10000,NA
0X5e7899f2e95c1d8dde99d58f7a706473db00a319,NO_WETH,0,-52826,200,0xaeEa4C228F08d76DDA9c62b70CBfCdE90a7c6c75,0xC02aaA39b223FE8D0A0e5C4F27eAD9083C756Cc2,10000,NA
0Xdf4063dd64ca25d259c0c809713f611d756acc12,FARC_WETH,0,-887272,200,0xBCf9c470c1e87dD0D17D5613f7Ca13Bb24cA918F,0xC02aaA39b223FE8D0A0e5C4F27eAD9083C756Cc2,10000,NA
0X3e5ddce6338de0bbb8ad1e634bfe07786bb1d075,BPANDORA_WETH,578222332390872765100,-52914,200,0x6bF8E2f3457D93140e0fb821BE1Cd01a23491419,0xC02aaA39b223FE8D0A0e5C4F27eAD9083C756Cc2,10000,NA
0X9274fe34206975e429234f07a940643585a6b11a,CHADS_WETH,0,0,200,0x5B121BB647449d1b08D2C66300C47f39fc11aE51,0xC02aaA39b223FE8D0A0e5C4F27eAD9083C756Cc2,10000,NA
0Xa0cb1e765900627e07e273d1b5bc753b25bff335,WETH_CHADS,1651895338646148241,86750,200,0xC02aaA39b223FE8D0A0e5C4F27eAD9083C756Cc2,0xD1B584568A95Cb1dEff05852A5f8D5BC3EB8eCe4,10000,NA
0Xcd5bf64cfc3425ec472a96f1848f8136a9732232,TRUMP404_WETH,0,-16828,60,0x8A13e06230a7832190A6848b33C27ea916e7fe18,0xC02aaA39b223FE8D0A0e5C4F27eAD9083C756Cc2,3000,NA
0Xe18525e322de84bd0bb3dea42cb1001190964a7a,TCKR_WETH,0,887271,200,0x8e0aB1758bdb5a1ef74f6849447a9D845d1E807c,0xC02aaA39b223FE8D0A0e5C4F27eAD9083C756Cc2,10000,NA
0X0738d8627bb72fdc96b0e327ed32504762fe38f9,LAZY_WETH,155074131191218261382,-63622,200,0x860AEcb38bA326a7CEBEd7C9e8818103a20e0503,0xC02aaA39b223FE8D0A0e5C4F27eAD9083C756Cc2,10000,NA
0X95ae0b21e6621b587134592e18ce7e2aad7d3278,SABROSHI404_WETH,168289811541110568,-72356,200,0x0Df0A71E8DD6C015834fe98e73D4bD7ad6cE39Ba,0xC02aaA39b223FE8D0A0e5C4F27eAD9083C756Cc2,10000,NA
0Xa862afc785a3536ea2f68ae95f4529e8b516ffe9,NO_WETH,0,-71909,200,0x56037bad9C66f8fA60be0b90A7004F256062c866,0xC02aaA39b223FE8D0A0e5C4F27eAD9083C756Cc2,10000,NA
0X0f5b8e13b682c9c5f98fa53345c1a6966e3e4628,NO_WETH,0,0,200,0x99a6897585F09e2109B85D8B10F82E36BAAbb10D,0xC02aaA39b223FE8D0A0e5C4F27eAD9083C756Cc2,10000,NA
0Xc4181fac57beb5d5b0ac5529ee7b57b6daa0795c,WETH_M3TA,0,76011,200,0xC02aaA39b223FE8D0A0e5C4F27eAD9083C756Cc2,0xcF8EEEd12691484b122d837D0425b5695692876A,10000,NA
0X73d2a34192d4eb6821b5af26c5e192a158cac21f,C404_WETH,0,-32762,200,0x0ec7e07575c4Ad054E260f131779238710FF55ed,0xC02aaA39b223FE8D0A0e5C4F27eAD9083C756Cc2,10000,NA
0X579fedb0d5bbacf4887bdc1f0619ecc9bd20ed6e,NO_WETH,0,-50287,200,0x4E954b55C78777090bEFCaB79B5B4054bdB81d4f,0xC02aaA39b223FE8D0A0e5C4F27eAD9083C756Cc2,10000,NA
0X81d919f985389b9a1e4dbd25ac6a5dd45d91a371,4M4_WETH,0,-72052,200,0x805A184A33a8cCc5B0f505d062C7C7CAdae31CC2,0xC02aaA39b223FE8D0A0e5C4F27eAD9083C756Cc2,10000,NA
0Xf70b119fe7a6fce1596724dbd9f5eca244caadbb,ERRDB_WETH,293784751000823790488,-45960,60,0x2907dCbC51191A5d7494077d1156FFfC34f110AB,0xC02aaA39b223FE8D0A0e5C4F27eAD9083C756Cc2,3000,NA
0X3710c0db052d8fd71f1c9431405a3eb3fff133a5,NO_WETH,0,0,200,0x4346480C68eFc6dA0B364a6424B22b56f6E7D434,0xC02aaA39b223FE8D0A0e5C4F27eAD9083C756Cc2,10000,NA
0X3242a5a26617e442e0731e48d0173ad340b7081b,404Cats_WETH,200157363139950406480,-25289,200,0x52263E871674FB1C71f4a4b3575c0cc43d027dd7,0xC02aaA39b223FE8D0A0e5C4F27eAD9083C756Cc2,10000,NA
0X3efc0fc3b4649e2aa70761de4f173099f92e2808,WETH_MINER,0,70997,200,0xC02aaA39b223FE8D0A0e5C4F27eAD9083C756Cc2,0xea9E0a8Cb3d6d8b19Bf1f69C1e6ecE058d9bBd53,10000,NA
0X33ccde67229fca9720d67475b58389dde322c495,GXX_WETH,0,-69082,200,0x668102fCd20CEB312EfeD1b4103607ed2D8CdDA0,0xC02aaA39b223FE8D0A0e5C4F27eAD9083C756Cc2,10000,NA
0X3e187b28d1d698ef4564b9c2e1a6eda91a4cb959,GXX_WETH,0,36890,200,0x4C2610815D0ECf5078e4585704F4910F40d39541,0xC02aaA39b223FE8D0A0e5C4F27eAD9083C756Cc2,10000,NA
0X6dfd31cd73bbc5eab29e50a84f60a15ce0e19baf,ONE - Del404_WETH,0,-32347,200,0xA149A9E435B353E1D9aCfBcF65Ad7A22DAd7AB0C,0xC02aaA39b223FE8D0A0e5C4F27eAD9083C756Cc2,10000,NA
0X18c98c06b80a879c8c98458a044de8fe0a1734bc,WETH_Del404,0,33674,200,0xC02aaA39b223FE8D0A0e5C4F27eAD9083C756Cc2,0xd09aFdEEf6A6CdC1578386D779b76583912592bF,10000,NA
0X7b8cedf3f880cb2c823679c0a34967988cfcc6a4,Del404_WETH,180311556246703151660,-29800,200,0x9A27f0A9d45Dd49230C026Ebe6A344A180877C79,0xC02aaA39b223FE8D0A0e5C4F27eAD9083C756Cc2,10000,NA
0Xa499b5e6af1d554316bcd96947940de0c3b5836e,STRDY_WETH,16878800354651460091851,-76712,200,0xaeB3607eC434454ceB308f5Cd540875efb54309A,0xC02aaA39b223FE8D0A0e5C4F27eAD9083C756Cc2,10000,NA
0X8b40fead030603ed516aa8246e421e9aa620218b,SHEB_WETH,0,887271,200,0x68FB96C3f8e2FC6501eb96d2363EC8F81196c3a6,0xC02aaA39b223FE8D0A0e5C4F27eAD9083C756Cc2,10000,NA
0X9b1216361a44564c405b908e5c0e630af254f142,SHEB_WETH,0,-8707,200,0xBa307E8E025325AAB969A14104C3DeEF352402fE,0xC02aaA39b223FE8D0A0e5C4F27eAD9083C756Cc2,10000,NA
0Xa5c391262d9d4d4fb852757d2fa3e9dfcad2318d,CARB_WETH,20166088404002891987,-53313,200,0x1bC71108E898586068CAbA9ee09397a2d275C092,0xC02aaA39b223FE8D0A0e5C4F27eAD9083C756Cc2,10000,NA
0X72b5a9dfa32d5f8d07364f36c6ebced5f4a466b3,PIXIE_WETH,0,-46055,200,0x29DbfF8797F77d1bFC3960a9c556Fd334bf8b58f,0xC02aaA39b223FE8D0A0e5C4F27eAD9083C756Cc2,10000,NA
0X25dc8296b8e2ea458cd7c389c9210eb2ec976127,ERCO_WETH,0,-38929,200,0x755C0C26F23Dfa08bF8359300308f1c7306e0ef4,0xC02aaA39b223FE8D0A0e5C4F27eAD9083C756Cc2,10000,NA
0X1e6e2d5d7de3ca5d7077ea0307ef107c540920b9,FURNACE_WETH,0,-37246,200,0xb14d8F2dE06DB705c1B84975Db6f463Ba7e66BdD,0xC02aaA39b223FE8D0A0e5C4F27eAD9083C756Cc2,10000,NA
0Xaf1bfa1bc5e1f8b0ac9cc89c93778cb62c8bd372,WETH_FURNACE,0,37890,200,0xC02aaA39b223FE8D0A0e5C4F27eAD9083C756Cc2,0xC856faeEd93073BbC10096Ad6518fb783734E087,10000,NA
0X6d3a947b9b0dbb9526f8b51d3facd522f9718143,FURNACE_WETH,0,-18368,200,0x0420d9EA1bae444De85D6951bF0A197646339dc2,0xC02aaA39b223FE8D0A0e5C4F27eAD9083C756Cc2,10000,NA
0Xa6846cc12fe4fedd2aeb9aa98914dfe26733cc68,POTATOPETS_WETH,0,-38132,200,0x6D9C41D12Cac7bc748145CdC74541b7517a889b3,0xC02aaA39b223FE8D0A0e5C4F27eAD9083C756Cc2,10000,NA
0X63b5742122ae682f4991b13cb9677f52b05de75b,WETH_PIXIE,1114450057194205771809,45999,200,0xC02aaA39b223FE8D0A0e5C4F27eAD9083C756Cc2,0xFfDD3150a12E563ec999f924907501d4dF5EEbb1,10000,NA
0X61aec308fff590de7878a001759aec8b1e4b26ce,PIXIE_WETH,0,-11665,200,0x66540D75c5657af5B6A250024cf40c7E532D39b0,0xC02aaA39b223FE8D0A0e5C4F27eAD9083C756Cc2,10000,NA
0X2583b15f9efc5af1a4b86db516b4772a51776f70,FUNG_WETH,0,0,60,0x0e4e7F2AecF408AFF4f82f067677050239bdC58A,0xC02aaA39b223FE8D0A0e5C4F27eAD9083C756Cc2,3000,NA
0Xb7d4b4a87f63f60b5a406d9daa6bd582b61e4149,PEPE404_WETH,0,-17550,200,0x564b584B15b692E8B9A142CE44E521B8D9157955,0xC02aaA39b223FE8D0A0e5C4F27eAD9083C756Cc2,10000,NA
0Xb4739153c0c398ef645b05f9092a3bb75637a5d9,DAVINCI_WETH,0,-51833,200,0x627F563a8F7eD02DBD9bb02Ea1e4C07979C994bb,0xC02aaA39b223FE8D0A0e5C4F27eAD9083C756Cc2,10000,NA
0Xf72cd82b4f1b58cb2d213f40f23632a55d8ca9ed,GOD_WETH,0,-63021,200,0x82F4960971B2Cc02268bA485C19211eB0Fa64C99,0xC02aaA39b223FE8D0A0e5C4F27eAD9083C756Cc2,10000,NA
0X602c70f43c7436975aec3113b316e7912d5ee2e3,WETH_ZERO,0,0,200,0xC02aaA39b223FE8D0A0e5C4F27eAD9083C756Cc2,0xedB357b55BC2DA1882B629EaDD3DF06202092d69,10000,NA
0Xae2abb1c91142420f31f112d3facec382804c6b8,BCUT_WETH,11115510476298917,-99200,200,0xBEF26Bd568e421D6708CCA55Ad6e35f8bfA0C406,0xC02aaA39b223FE8D0A0e5C4F27eAD9083C756Cc2,10000,NA
0X671b8e61c5588f6ec78b9cd75511614945bb2968,TRUF_WETH,33597766677732006777,-140509,200,0x38C2a4a7330b22788374B8Ff70BBa513C8D848cA,0xC02aaA39b223FE8D0A0e5C4F27eAD9083C756Cc2,10000,NA
0X6bc2b47e74c407c95b92142ab8f10dd5a5d36294,BEASTS_WETH,134304343308027067111,-77088,200,0x765A303cF7F59631481adc6389eaf7b5BCDb6DfE,0xC02aaA39b223FE8D0A0e5C4F27eAD9083C756Cc2,10000,NA
0X24634136e4d7466ece3a6d62d1f6598bcdfabc54,SMART_WETH,0,-887272,1,0x97f85616fe30618fA2f44d0E6B2FFfD31932A3BE,0xC02aaA39b223FE8D0A0e5C4F27eAD9083C756Cc2,100,NA
0X45fb244706f7acb0d20a2b341470bd0d0aca5ce9,WHO_USDT,0,-70373,60,0xa8697C6edeBf4584E4611CE6ab2B34a0B295433A,0xdAC17F958D2ee523a2206206994597C13D831ec7,3000,NA
0X72b236b8eb61b15833e514750b65b94a73d74a01,GORA_WETH,1628959548044030238387,-109518,200,0x3b9b5AD79cbb7649143DEcD5afc749a75F8e6C7F,0xC02aaA39b223FE8D0A0e5C4F27eAD9083C756Cc2,10000,NA
0Xf1b8ec1355b7bf3cc77f7b5c99deb5469a273326,AIR_USDT,0,46028,60,0xa02dC3596f1b0EcFA59D27e2F9A543eE6Ac45330,0xdAC17F958D2ee523a2206206994597C13D831ec7,3000,NA
0Xe23ed319554698cae826b4fb10f4628c419e2d19,BOBO_WETH,0,-144205,10,0x0A236b2d86D8E4e720E58906B9664aE21099bc65,0xC02aaA39b223FE8D0A0e5C4F27eAD9083C756Cc2,500,NA
0X8dced91df9350901f75dbadacc237dbe9ae175da,AIR_USDT,1116096150,-45875,200,0xa02dC3596f1b0EcFA59D27e2F9A543eE6Ac45330,0xdAC17F958D2ee523a2206206994597C13D831ec7,10000,NA
0X21edad4d801974a824404e4ed4b3bd95ab876b34,WETH_BUBBLE,31162038952752183803350,136891,200,0xC02aaA39b223FE8D0A0e5C4F27eAD9083C756Cc2,0xe9689028eDE16c2FDFE3D11855D28f8E3fC452a3,10000,NA
0X4459f9f7b80a5c2d96c3481d0d82821f54699abf,plETH @ 5000_WETH,92196729851445325,-2488,60,0x7E78C8140bC0958F7Ac3e1AFBA3F6E94754d802c,0xC02aaA39b223FE8D0A0e5C4F27eAD9083C756Cc2,3000,NA
0X20133a105fc24e5ade88ff7ea9703d7f191c9ddb,plETH @ 5000_WETH,92196729851445325,-3342,60,0x3aF785B7B36eDf87Aa89445286B33b35d6f429f1,0xC02aaA39b223FE8D0A0e5C4F27eAD9083C756Cc2,3000,NA
0X823df5894056b7b81de94b56c765f2d023364b64,plETH @ 3800_WETH,92196729851445325,-11207,60,0xa7D0647889de293AB5Dd3a8718B3ea65651305a0,0xC02aaA39b223FE8D0A0e5C4F27eAD9083C756Cc2,3000,NA
0X34e52bcb4f6a3b249ff990d613c980c1da97b2f2,NFTFI_WETH,17242650390605364836290,-136349,200,0x09D6F0F5A21f5BE4f59e209747E2d07F50BC694C,0xC02aaA39b223FE8D0A0e5C4F27eAD9083C756Cc2,10000,NA
0X2818ea851dcfaeeb4633fc8aae08b7063d32e4f5,GURU_WETH,72298350192486800621883,-120848,200,0x525574C899A7c877a11865339e57376092168258,0xC02aaA39b223FE8D0A0e5C4F27eAD9083C756Cc2,10000,NA
0X0cc02ee0114de1845d3941f8bac7bcfee9805f9b,ToT_WETH,5050416653056496616,3,200,0x46F55C8e6ED861ffAF1F229e8d5be186335dCa1C,0xC02aaA39b223FE8D0A0e5C4F27eAD9083C756Cc2,10000,NA
0Xf66fbd7596f9849a3757f0add3f09c53a399ebb2,Bank_WETH,0,-103541,60,0xB3E8FcdE886C1FFeE2C66DB9d3A438641787fCe1,0xC02aaA39b223FE8D0A0e5C4F27eAD9083C756Cc2,3000,NA
0X793ff42cb794777e1966e16c2f340d72b918ea5f,PIN_WETH,0,0,200,0x389C7880Cd42069a59A0150e435879FCFac675e5,0xC02aaA39b223FE8D0A0e5C4F27eAD9083C756Cc2,10000,NA
0Xf4e43a4a17d2820c7cf724e46844943931a47894,KOIN_USDC,13671400342170,-122814,200,0x7b0DF1Cd724Ec34eC9Bc4Bd19749b01AfB490761,0xA0b86991c6218b36c1d19D4a2e9Eb0cE3606eB48,10000,NA
0X847fe2be91776476abe94be0d2c23dbb6d29840f,SunDoge_WETH,0,0,60,0xAD201eB27615C18dc358FDC64d96Eb3208824E01,0xC02aaA39b223FE8D0A0e5C4F27eAD9083C756Cc2,3000,NA
0X19a43e2b7454e341ff0d1312acefe900a73f1dc3,F16_WETH,0,0,10,0xA8a6e96c0119b1501c2594B988C2B78e048cE271,0xC02aaA39b223FE8D0A0e5C4F27eAD9083C756Cc2,500,NA
0Xe458f82f430328073ce48605515793dc060fa7a7,KOKO_WETH,0,0,60,0x6BF3BCD3666D3BD0D67E54fd436647b03c60269c,0xC02aaA39b223FE8D0A0e5C4F27eAD9083C756Cc2,3000,NA
0X09776cc0b3f3808004f6cc237d850e0de10e7d95,WETH_Orange,0,0,10,0xC02aaA39b223FE8D0A0e5C4F27eAD9083C756Cc2,0xef00a1910642520c2F8e23d3C0A910933ca7f358,500,NA
0X5d3610ae9b8f78d745049107eb6530c0b587e568,MARAB_WETH,0,0,60,0x7831243C56F3332d2fc56070Aa90a35C1F4ebF50,0xC02aaA39b223FE8D0A0e5C4F27eAD9083C756Cc2,3000,NA
0Xe4ba34b6eb14bcf1b2dde3b96b1ffa5156548635,WLFI_WETH,0,0,60,0x983549465b07AE643BEAcD9759048033728c0C19,0xC02aaA39b223FE8D0A0e5C4F27eAD9083C756Cc2,3000,NA
0Xb4746646cea268fb34b27acfc2346c8657fc2e92,EPUMP_WETH,0,0,60,0x0e6198fF068B08C85715eE157Ee47a7a1c35a4bf,0xC02aaA39b223FE8D0A0e5C4F27eAD9083C756Cc2,3000,NA
0X58e85ad10c867ca797df35e706faca0f3ac790d0,FROGS_WETH,0,-177285,60,0x5F594e0bf03A426F2565f7530Dd656921CE32621,0xC02aaA39b223FE8D0A0e5C4F27eAD9083C756Cc2,3000,NA
0Xc785b3786935ee8864b9e142e86fa40865988d03,BSHIB_WETH,0,0,10,0x72416faA295D85fa2cF5e5B38D13db6E2eacf660,0xC02aaA39b223FE8D0A0e5C4F27eAD9083C756Cc2,500,NA
0Xd141c0d48d0c46ce5f3b89ee4572c144d787d7b7,FROGS_WETH,0,-181102,60,0x0B1B999a98AD94763D2f32B258766040eaAa7DfD,0xC02aaA39b223FE8D0A0e5C4F27eAD9083C756Cc2,3000,NA
0X9018fc0c48e3ab5f42dd5cbaeeadae32617881ae,DOGEFI_WETH,0,0,60,0x52F611b03DcA02921e63d7F18ab54d1559AC1a50,0xC02aaA39b223FE8D0A0e5C4F27eAD9083C756Cc2,3000,NA
0Xa525463f33ef73ba97800f515f9e3f4d7b2b9243,WUKONG_WETH,0,0,60,0x924E3f38BC9E9951556704e581Ec2Ea552C30fB5,0xC02aaA39b223FE8D0A0e5C4F27eAD9083C756Cc2,3000,NA
0X425cafd6006e9c348946d747437bfa463679992d,WUKONG_WETH,0,0,60,0x5135bEC64796cFD7CD93b6aB68a97a6A6314B18B,0xC02aaA39b223FE8D0A0e5C4F27eAD9083C756Cc2,3000,NA
0Xda93ee04eb02c8152ee99a03db9e3831c747b582,ADoge_WETH,0,0,60,0x12EEE5509DC612d535B33c753172e1e43Be02bFa,0xC02aaA39b223FE8D0A0e5C4F27eAD9083C756Cc2,3000,NA
0Xdbe53d7947b081bed771ff82c459ad3ec93fc7fd,WETH_DOGE,0,0,200,0xC02aaA39b223FE8D0A0e5C4F27eAD9083C756Cc2,0xF718B1b5474eb5cFB103557B651060674f4B8a15,10000,NA
0Xc68e1c1e8798967d50c77a1c8290a4e562114df9,WETH_CATI,0,0,1,0xC02aaA39b223FE8D0A0e5C4F27eAD9083C756Cc2,0xcb406Cc1e5fDD7cED9fAeDFeae374C7a610cc27D,100,NA
0X09c9ef09fac8cef8ca08c1296e7abcfb440ba4cd,WETH_BPEPE,0,0,60,0xC02aaA39b223FE8D0A0e5C4F27eAD9083C756Cc2,0xf342135b479f8387e7011bb325Da87f012cB54e0,3000,NA
0X8d6b9917fd143f35fcdfd8906930e3c9cf29e0a4,VISTASHIB_WETH,0,0,60,0x1D9e8AC1B44fA423991C6d60b252d72D7B146B8E,0xC02aaA39b223FE8D0A0e5C4F27eAD9083C756Cc2,3000,NA
0X0a12f5ccb713aa5470f012b4f6fb24abdec2ee4d,CATE_WETH,0,0,1,0x31110062556cbE8148B4a5bC02FED7145607F297,0xC02aaA39b223FE8D0A0e5C4F27eAD9083C756Cc2,100,NA
0X0ab6ab20a5b950e349cb814730047881511e06e8,WETH_CATI,0,99039,200,0xC02aaA39b223FE8D0A0e5C4F27eAD9083C756Cc2,0xcb406Cc1e5fDD7cED9fAeDFeae374C7a610cc27D,10000,NA
0Xe09127da8c1fd5fc970afeffc0fb51f701970cf7,WUKONG_WETH,0,0,60,0x9c8aba52e0d2c1a8DfB4B86b54fCb111AfDe7068,0xC02aaA39b223FE8D0A0e5C4F27eAD9083C756Cc2,3000,NA
0X8b86dac6ec66d5f076556c46cffd531574d5e667,BVISTA_WETH,0,0,60,0x3B9FA41672979720ca6ae5ED02Bd78Cc61656605,0xC02aaA39b223FE8D0A0e5C4F27eAD9083C756Cc2,3000,NA
0Xe8f7c89c5efa061e340f2d2f206ec78fd8f7e124,WBTC_cbBTC,51066064700290,-15,1,0x2260FAC5E5542a773Aa44fBCfeDf7C193bc2C599,0xcbB7C0000aB88B473b1f5aFd9ef808440eed33Bf,100,NA
0X0da6253560822973185297d5f32ff8fa38243afe,WBTC_cbBTC,3608832904220,-14,10,0x2260FAC5E5542a773Aa44fBCfeDf7C193bc2C599,0xcbB7C0000aB88B473b1f5aFd9ef808440eed33Bf,500,NA
0X4548280ac92507c9092a511c7396cbea78fa9e49,USDC_cbBTC,1648064899319,-65444,60,0xA0b86991c6218b36c1d19D4a2e9Eb0cE3606eB48,0xcbB7C0000aB88B473b1f5aFd9ef808440eed33Bf,3000,NA
0X15aa01580ae866f9ff4dbe45e06e307941d90c7b,WETH_cbBTC,19756057824674133,-263811,60,0xC02aaA39b223FE8D0A0e5C4F27eAD9083C756Cc2,0xcbB7C0000aB88B473b1f5aFd9ef808440eed33Bf,3000,NA
0X02b04582daff9b9b17377f700dca5a9940c6451b,SCF_WETH,0,0,60,0x4c18F75953b8f0E8631FF326e6e19682CBD1a0AD,0xC02aaA39b223FE8D0A0e5C4F27eAD9083C756Cc2,3000,NA
0Xcbd3d93139282afde509e4ba8aa25a0d15aa8d8d,CAT_WETH,0,0,60,0x2187317f8135B6dE649171f5fC8820F98CA506E2,0xC02aaA39b223FE8D0A0e5C4F27eAD9083C756Cc2,3000,NA
0X027f2bbfb03a2eabe8c5173eb46379fc19993bc9,WETH_PEPUMP,0,0,200,0xC02aaA39b223FE8D0A0e5C4F27eAD9083C756Cc2,0xf8B864862D4e1bcb0b25b2b2c5C16A6abF31F2D2,10000,NA
0X81482c730bf9e7f8690a6d7ec66b2b5ef4c6e095,EDoge_WETH,0,-173660,200,0x038F7aCbf6bfB609515cd27F5249270EFA8C1C93,0xC02aaA39b223FE8D0A0e5C4F27eAD9083C756Cc2,10000,NA
0Xdfada3dbe4c0cdd3fefcb6ff7d4e16da0a77a7a4,PEPUMP_WETH,0,0,1,0x790Bb2123001A9A69DA914BaC61E4c935c31d6b6,0xC02aaA39b223FE8D0A0e5C4F27eAD9083C756Cc2,100,NA
0Xda9e07e92e31723075b24717b69269bc500ee807,COQ_USDC,0,-409292,60,0x4afc4522E896aeaCc83eA5322708aB64A9DE5d1D,0xA0b86991c6218b36c1d19D4a2e9Eb0cE3606eB48,3000,NA
0X40222c2aedeaccf919963a13d63ea9aa04689eea,COQ_USDC,0,-410142,10,0x4afc4522E896aeaCc83eA5322708aB64A9DE5d1D,0xA0b86991c6218b36c1d19D4a2e9Eb0cE3606eB48,500,NA
0X8a3f83f95510bf5c57231b29c59f13734a03c5dc,MOEX_WETH,22426556446248264486336,-210188,200,0x69000008CBf4012F6ce45c42a559945DBd6eC3b7,0xC02aaA39b223FE8D0A0e5C4F27eAD9083C756Cc2,10000,NA
0Xaae89ff623887031b8309134208bbd6cabe34e7c,tMEV_WETH,1000000000003783,46056,200,0x492C11055C7E9233A2Adc2e82Bf384fD79d2a675,0xC02aaA39b223FE8D0A0e5C4F27eAD9083C756Cc2,10000,NA
0X2daf87b2a135e883a94982370629d64cdea55bce,MSFT_WETH,22175684032747656116900,-200505,200,0x2280000ce6c0217983e990B009Da7370FcC195C9,0xC02aaA39b223FE8D0A0e5C4F27eAD9083C756Cc2,10000,NA
0X74edf4f157e23d87b25a0c372dea9cf641e3efe9,tMEV_WETH,0,99039,200,0x117eA364dC4189732D8196cFBF89A41A7515e4c7,0xC02aaA39b223FE8D0A0e5C4F27eAD9083C756Cc2,10000,NA
0Xfabef411761a67315d04b0590ca2c43d57835bb8,WETH_tMEV,0,-99040,200,0xC02aaA39b223FE8D0A0e5C4F27eAD9083C756Cc2,0xCf06ac2f0f67bbc7098b45aDC68A86aD6d9c6DEA,10000,NA
0Xb90326664bae75ad7fa889d07965eec7d0fbe70d,WETH_eEIGEN,2796559965669833889842,69077,60,0xC02aaA39b223FE8D0A0e5C4F27eAD9083C756Cc2,0xE77076518A813616315EaAba6cA8e595E845EeE9,3000,NA
0X29567ae23d65225870c5bd738a6debe7ac5a1d66,LRT2_WETH,236627638164391287810,-4308,200,0x8F08B70456eb22f6109F57b8fafE862ED28E6040,0xC02aaA39b223FE8D0A0e5C4F27eAD9083C756Cc2,10000,NA
0X20908ac19ae81b28d5bbef41a5a32d1ea827ebd2,LRT2_WETH,0,0,60,0x8F08B70456eb22f6109F57b8fafE862ED28E6040,0xC02aaA39b223FE8D0A0e5C4F27eAD9083C756Cc2,3000,NA
0X14c32c78639ea31e9d0571b8f9bdc2e7e3d93ca3,XIAO_WETH,0,-192316,200,0x1a08886418Cfb178f673323d053Be34523b61F9a,0xC02aaA39b223FE8D0A0e5C4F27eAD9083C756Cc2,10000,NA
0X602cb3931406c9b98cc328ab406e50d6a32e559c,TRUF_WETH,12323704213686705152539,-108142,200,0x243c9be13fAbA09F945ccc565547293337Da0Ad7,0xC02aaA39b223FE8D0A0e5C4F27eAD9083C756Cc2,10000,NA
0Xe547c6d5039d1902db58102e7f52410dbc5b0708,WETH_USDS,0,0,10,0xC02aaA39b223FE8D0A0e5C4F27eAD9083C756Cc2,0xdC035D45d973E3EC169d2276DDab16f1e407384F,500,NA
---
multiple_event_blocks
19186476,19938307,19938307
----
zero_event_blocks
16349812,16349860,16456334,16640667,16640801,16640812,16718031,17007526,17320036,17327840,17327845,17345063,17345169,17345175,17346238,17346297,17346643,17380327,17380371,17380377,17380436,17883443,17885292,19643331,19916182,19948028,19948255,19948372,19948494,19997308,19997358,20095612,20729468,20729485,20729509,20729520,20937686,20937689,20937698
----
time_updated: T
